image_id,split,position,has_lesion_id,overlap
ISIC_0024351,val,0,1,1
ISIC_0024449,val,1,1,0
ISIC_0024482,val,2,1,0
ISIC_0024537,val,3,1,1
ISIC_0024545,val,4,1,1
ISIC_0024644,val,5,1,0
ISIC_0024679,val,6,1,1
ISIC_0024701,val,7,1,0
ISIC_0024702,val,8,1,0
ISIC_0024806,val,9,1,0
ISIC_0024865,val,10,1,1
ISIC_0024886,val,11,1,1
ISIC_0024929,val,12,1,0
ISIC_0024940,val,13,1,0
ISIC_0024958,val,14,1,0
ISIC_0024961,val,15,1,0
ISIC_0025081,val,16,1,1
ISIC_0025128,val,17,1,0
ISIC_0025132,val,18,1,0
ISIC_0025145,val,19,1,0
ISIC_0025153,val,20,1,1
ISIC_0025219,val,21,1,1
ISIC_0025235,val,22,1,0
ISIC_0025265,val,23,1,0
ISIC_0025277,val,24,1,0
ISIC_0025363,val,25,1,0
ISIC_0025394,val,26,1,0
ISIC_0025409,val,27,1,0
ISIC_0025414,val,28,1,0
ISIC_0025472,val,29,1,0
ISIC_0025524,val,30,1,1
ISIC_0025814,val,31,1,1
ISIC_0025927,val,32,1,0
ISIC_0025963,val,33,1,1
ISIC_0026009,val,34,1,1
ISIC_0026094,val,35,1,0
ISIC_0026113,val,36,1,1
ISIC_0026131,val,37,1,1
ISIC_0026247,val,38,1,0
ISIC_0026369,val,39,1,0
ISIC_0026506,val,40,1,1
ISIC_0026571,val,41,1,1
ISIC_0026596,val,42,1,0
ISIC_0026604,val,43,1,1
ISIC_0026690,val,44,1,0
ISIC_0026868,val,45,1,0
ISIC_0026897,val,46,1,0
ISIC_0026976,val,47,1,0
ISIC_0027065,val,48,1,0
ISIC_0027069,val,49,1,0
ISIC_0027071,val,50,1,1
ISIC_0027076,val,51,1,1
ISIC_0027144,val,52,1,1
ISIC_0027163,val,53,1,1
ISIC_0027179,val,54,1,0
ISIC_0027253,val,55,1,1
ISIC_0027436,val,56,1,1
ISIC_0027487,val,57,1,0
ISIC_0027507,val,58,1,0
ISIC_0027702,val,59,1,0
ISIC_0027776,val,60,1,0
ISIC_0027838,val,61,1,0
ISIC_0027956,val,62,1,0
ISIC_0028017,val,63,1,1
ISIC_0028056,val,64,1,0
ISIC_0028069,val,65,1,0
ISIC_0028148,val,66,1,0
ISIC_0028215,val,67,1,0
ISIC_0028227,val,68,1,0
ISIC_0028285,val,69,1,1
ISIC_0028291,val,70,1,1
ISIC_0028361,val,71,1,0
ISIC_0028463,val,72,1,0
ISIC_0028467,val,73,1,0
ISIC_0028508,val,74,1,0
ISIC_0028655,val,75,1,0
ISIC_0028685,val,76,1,1
ISIC_0028746,val,77,1,0
ISIC_0028847,val,78,1,0
ISIC_0028899,val,79,1,1
ISIC_0028915,val,80,1,0
ISIC_0028968,val,81,1,1
ISIC_0028969,val,82,1,0
ISIC_0029056,val,83,1,1
ISIC_0029089,val,84,1,0
ISIC_0029157,val,85,1,1
ISIC_0029363,val,86,1,0
ISIC_0029370,val,87,1,0
ISIC_0029397,val,88,1,0
ISIC_0029562,val,89,1,0
ISIC_0029575,val,90,1,0
ISIC_0029652,val,91,1,0
ISIC_0029740,val,92,1,1
ISIC_0029958,val,93,1,1
ISIC_0029995,val,94,1,1
ISIC_0030060,val,95,1,0
ISIC_0030107,val,96,1,0
ISIC_0030110,val,97,1,0
ISIC_0030122,val,98,1,0
ISIC_0030129,val,99,1,1
ISIC_0030211,val,100,1,0
ISIC_0030223,val,101,1,0
ISIC_0030246,val,102,1,0
ISIC_0030281,val,103,1,1
ISIC_0030390,val,104,1,0
ISIC_0030423,val,105,1,1
ISIC_0030539,val,106,1,1
ISIC_0030575,val,107,1,0
ISIC_0030604,val,108,1,0
ISIC_0030623,val,109,1,1
ISIC_0030681,val,110,1,1
ISIC_0030754,val,111,1,0
ISIC_0030795,val,112,1,0
ISIC_0030818,val,113,1,0
ISIC_0030824,val,114,1,0
ISIC_0030883,val,115,1,0
ISIC_0030932,val,116,1,0
ISIC_0030950,val,117,1,0
ISIC_0030970,val,118,1,1
ISIC_0031005,val,119,1,1
ISIC_0031118,val,120,1,1
ISIC_0031146,val,121,1,0
ISIC_0031177,val,122,1,0
ISIC_0031408,val,123,1,0
ISIC_0031417,val,124,1,1
ISIC_0031545,val,125,1,0
ISIC_0031670,val,126,1,0
ISIC_0031890,val,127,1,0
ISIC_0031900,val,128,1,0
ISIC_0031908,val,129,1,0
ISIC_0032019,val,130,1,1
ISIC_0032070,val,131,1,1
ISIC_0032149,val,132,1,1
ISIC_0032187,val,133,1,0
ISIC_0032207,val,134,1,0
ISIC_0032232,val,135,1,1
ISIC_0032258,val,136,1,1
ISIC_0032396,val,137,1,1
ISIC_0032408,val,138,1,0
ISIC_0032447,val,139,1,1
ISIC_0032462,val,140,1,0
ISIC_0032504,val,141,1,0
ISIC_0032522,val,142,1,1
ISIC_0032569,val,143,1,1
ISIC_0032583,val,144,1,0
ISIC_0032598,val,145,1,0
ISIC_0032603,val,146,1,1
ISIC_0032617,val,147,1,0
ISIC_0032629,val,148,1,1
ISIC_0032630,val,149,1,1
ISIC_0032637,val,150,1,0
ISIC_0032684,val,151,1,1
ISIC_0032687,val,152,1,1
ISIC_0032695,val,153,1,1
ISIC_0032774,val,154,1,1
ISIC_0032810,val,155,1,1
ISIC_0032872,val,156,1,0
ISIC_0032888,val,157,1,1
ISIC_0032917,val,158,1,1
ISIC_0032922,val,159,1,1
ISIC_0032927,val,160,1,1
ISIC_0032975,val,161,1,0
ISIC_0032976,val,162,1,1
ISIC_0032988,val,163,1,1
ISIC_0033024,val,164,1,0
ISIC_0033034,val,165,1,1
ISIC_0033061,val,166,1,1
ISIC_0033099,val,167,1,1
ISIC_0033114,val,168,1,1
ISIC_0033117,val,169,1,1
ISIC_0033141,val,170,1,1
ISIC_0033198,val,171,1,0
ISIC_0033204,val,172,1,0
ISIC_0033217,val,173,1,1
ISIC_0033238,val,174,1,1
ISIC_0033241,val,175,1,0
ISIC_0033245,val,176,1,0
ISIC_0033268,val,177,1,1
ISIC_0033286,val,178,1,1
ISIC_0033287,val,179,1,1
ISIC_0033324,val,180,1,1
ISIC_0033369,val,181,1,1
ISIC_0033424,val,182,1,1
ISIC_0033431,val,183,1,1
ISIC_0033518,val,184,1,1
ISIC_0033533,val,185,1,1
ISIC_0033538,val,186,1,1
ISIC_0033560,val,187,1,1
ISIC_0033562,val,188,1,1
ISIC_0033568,val,189,1,1
ISIC_0033569,val,190,1,0
ISIC_0033570,val,191,1,1
ISIC_0033611,val,192,1,1
ISIC_0033630,val,193,1,0
ISIC_0033636,val,194,1,0
ISIC_0033668,val,195,1,1
ISIC_0033687,val,196,1,1
ISIC_0033754,val,197,1,1
ISIC_0033804,val,198,1,1
ISIC_0033812,val,199,1,1
ISIC_0033848,val,200,1,1
ISIC_0033872,val,201,1,0
ISIC_0033874,val,202,1,1
ISIC_0033881,val,203,1,1
ISIC_0033893,val,204,1,1
ISIC_0033905,val,205,1,0
ISIC_0033953,val,206,1,0
ISIC_0033995,val,207,1,1
ISIC_0034000,val,208,1,1
ISIC_0034028,val,209,1,0
ISIC_0034048,val,210,1,0
ISIC_0034074,val,211,1,1
ISIC_0034087,val,212,1,1
ISIC_0034089,val,213,1,1
ISIC_0034106,val,214,1,1
ISIC_0034117,val,215,1,1
ISIC_0034145,val,216,1,1
ISIC_0034162,val,217,1,0
ISIC_0034233,val,218,1,1
ISIC_0034262,val,219,1,1
ISIC_0034287,val,220,1,1
ISIC_0034317,val,221,1,1
ISIC_0034472,val,222,0,0
ISIC_0034492,val,223,0,0
ISIC_0034529,val,224,0,0
ISIC_0034595,val,225,0,0
ISIC_0034605,val,226,0,0
ISIC_0034657,val,227,0,0
ISIC_0034713,val,228,0,0
ISIC_0034764,val,229,0,0
ISIC_0034817,val,230,0,0
ISIC_0034819,val,231,0,0
ISIC_0034863,val,232,0,0
ISIC_0034874,val,233,0,0
ISIC_0034875,val,234,0,0
ISIC_0034949,val,235,0,0
ISIC_0035048,val,236,0,0
ISIC_0035090,val,237,0,0
ISIC_0035099,val,238,0,0
ISIC_0035124,val,239,0,0
ISIC_0035130,val,240,0,0
ISIC_0035240,val,241,0,0
ISIC_0035306,val,242,0,0
ISIC_0035397,val,243,0,0
ISIC_0035460,val,244,0,0
ISIC_0035462,val,245,0,0
ISIC_0035550,val,246,0,0
ISIC_0035562,val,247,0,0
ISIC_0035640,val,248,0,0
ISIC_0035690,val,249,0,0
ISIC_0035698,val,250,0,0
ISIC_0035720,val,251,0,0
ISIC_0035736,val,252,0,0
ISIC_0035766,val,253,0,0
ISIC_0035823,val,254,0,0
ISIC_0035888,val,255,0,0
ISIC_0035911,val,256,0,0
ISIC_0035922,val,257,0,0
ISIC_0035923,val,258,0,0
ISIC_0036026,val,259,0,0
ISIC_0036034,val,260,0,0
ISIC_0024306,val,261,1,0
ISIC_0024308,val,262,1,0
ISIC_0024320,val,263,1,0
ISIC_0024364,val,264,1,0
ISIC_0024366,val,265,1,1
ISIC_0024369,val,266,1,0
ISIC_0024373,val,267,1,0
ISIC_0024378,val,268,1,0
ISIC_0024387,val,269,1,1
ISIC_0024388,val,270,1,0
ISIC_0024392,val,271,1,0
ISIC_0024393,val,272,1,0
ISIC_0024405,val,273,1,0
ISIC_0024406,val,274,1,0
ISIC_0024416,val,275,1,0
ISIC_0024417,val,276,1,0
ISIC_0024437,val,277,1,0
ISIC_0024438,val,278,1,0
ISIC_0024442,val,279,1,0
ISIC_0024456,val,280,1,0
ISIC_0024467,val,281,1,0
ISIC_0024476,val,282,1,0
ISIC_0024484,val,283,1,0
ISIC_0024497,val,284,1,1
ISIC_0024500,val,285,1,0
ISIC_0024501,val,286,1,0
ISIC_0024503,val,287,1,0
ISIC_0024514,val,288,1,0
ISIC_0024519,val,289,1,1
ISIC_0024523,val,290,1,0
ISIC_0024536,val,291,1,0
ISIC_0024540,val,292,1,0
ISIC_0024541,val,293,1,0
ISIC_0024549,val,294,1,0
ISIC_0024557,val,295,1,0
ISIC_0024574,val,296,1,0
ISIC_0024577,val,297,1,1
ISIC_0024578,val,298,1,1
ISIC_0024585,val,299,1,0
ISIC_0024588,val,300,1,0
ISIC_0024593,val,301,1,0
ISIC_0024597,val,302,1,1
ISIC_0024603,val,303,1,0
ISIC_0024607,val,304,1,0
ISIC_0024611,val,305,1,0
ISIC_0024627,val,306,1,0
ISIC_0024628,val,307,1,0
ISIC_0024658,val,308,1,1
ISIC_0024685,val,309,1,0
ISIC_0024689,val,310,1,0
ISIC_0024690,val,311,1,0
ISIC_0024693,val,312,1,0
ISIC_0024694,val,313,1,0
ISIC_0024704,val,314,1,1
ISIC_0024719,val,315,1,0
ISIC_0024720,val,316,1,0
ISIC_0024736,val,317,1,0
ISIC_0024750,val,318,1,0
ISIC_0024755,val,319,1,0
ISIC_0024781,val,320,1,1
ISIC_0024788,val,321,1,0
ISIC_0024790,val,322,1,0
ISIC_0024796,val,323,1,0
ISIC_0024797,val,324,1,0
ISIC_0024804,val,325,1,0
ISIC_0024808,val,326,1,0
ISIC_0024812,val,327,1,0
ISIC_0024818,val,328,1,0
ISIC_0024820,val,329,1,0
ISIC_0024821,val,330,1,0
ISIC_0024822,val,331,1,0
ISIC_0024824,val,332,1,0
ISIC_0024828,val,333,1,0
ISIC_0024834,val,334,1,0
ISIC_0024836,val,335,1,0
ISIC_0024837,val,336,1,1
ISIC_0024840,val,337,1,0
ISIC_0024841,val,338,1,1
ISIC_0024855,val,339,1,0
ISIC_0024860,val,340,1,0
ISIC_0024889,val,341,1,0
ISIC_0024907,val,342,1,1
ISIC_0024926,val,343,1,0
ISIC_0024945,val,344,1,0
ISIC_0024976,val,345,1,0
ISIC_0024978,val,346,1,0
ISIC_0024998,val,347,1,1
ISIC_0025011,val,348,1,0
ISIC_0025021,val,349,1,0
ISIC_0025041,val,350,1,0
ISIC_0025043,val,351,1,1
ISIC_0025044,val,352,1,0
ISIC_0025050,val,353,1,0
ISIC_0025060,val,354,1,0
ISIC_0025072,val,355,1,0
ISIC_0025088,val,356,1,0
ISIC_0025106,val,357,1,1
ISIC_0025111,val,358,1,0
ISIC_0025116,val,359,1,0
ISIC_0025117,val,360,1,1
ISIC_0025123,val,361,1,0
ISIC_0025125,val,362,1,0
ISIC_0025138,val,363,1,0
ISIC_0025141,val,364,1,0
ISIC_0025142,val,365,1,0
ISIC_0025143,val,366,1,0
ISIC_0025152,val,367,1,0
ISIC_0025161,val,368,1,0
ISIC_0025162,val,369,1,0
ISIC_0025165,val,370,1,1
ISIC_0025169,val,371,1,1
ISIC_0025171,val,372,1,1
ISIC_0025175,val,373,1,0
ISIC_0025177,val,374,1,0
ISIC_0025187,val,375,1,0
ISIC_0025189,val,376,1,0
ISIC_0025211,val,377,1,0
ISIC_0025216,val,378,1,0
ISIC_0025221,val,379,1,0
ISIC_0025228,val,380,1,0
ISIC_0025229,val,381,1,0
ISIC_0025237,val,382,1,1
ISIC_0025242,val,383,1,0
ISIC_0025253,val,384,1,1
ISIC_0025256,val,385,1,0
ISIC_0025261,val,386,1,0
ISIC_0025263,val,387,1,0
ISIC_0025289,val,388,1,0
ISIC_0025291,val,389,1,0
ISIC_0025298,val,390,1,0
ISIC_0025307,val,391,1,0
ISIC_0025311,val,392,1,0
ISIC_0025327,val,393,1,1
ISIC_0025328,val,394,1,0
ISIC_0025343,val,395,1,0
ISIC_0025347,val,396,1,0
ISIC_0025354,val,397,1,0
ISIC_0025357,val,398,1,0
ISIC_0025361,val,399,1,0
ISIC_0025380,val,400,1,0
ISIC_0025386,val,401,1,1
ISIC_0025395,val,402,1,0
ISIC_0025402,val,403,1,0
ISIC_0025406,val,404,1,0
ISIC_0025423,val,405,1,0
ISIC_0025432,val,406,1,0
ISIC_0025437,val,407,1,0
ISIC_0025447,val,408,1,1
ISIC_0025448,val,409,1,0
ISIC_0025456,val,410,1,0
ISIC_0025458,val,411,1,1
ISIC_0025468,val,412,1,0
ISIC_0025476,val,413,1,0
ISIC_0025486,val,414,1,0
ISIC_0025488,val,415,1,1
ISIC_0025494,val,416,1,0
ISIC_0025497,val,417,1,0
ISIC_0025498,val,418,1,0
ISIC_0025501,val,419,1,0
ISIC_0025506,val,420,1,0
ISIC_0025528,val,421,1,0
ISIC_0025537,val,422,1,0
ISIC_0025540,val,423,1,1
ISIC_0025549,val,424,1,0
ISIC_0025566,val,425,1,0
ISIC_0025572,val,426,1,0
ISIC_0025581,val,427,1,1
ISIC_0025582,val,428,1,0
ISIC_0025590,val,429,1,0
ISIC_0025597,val,430,1,1
ISIC_0025609,val,431,1,0
ISIC_0025613,val,432,1,0
ISIC_0025619,val,433,1,0
ISIC_0025641,val,434,1,0
ISIC_0025655,val,435,1,1
ISIC_0025667,val,436,1,1
ISIC_0025681,val,437,1,0
ISIC_0025698,val,438,1,0
ISIC_0025713,val,439,1,0
ISIC_0025720,val,440,1,0
ISIC_0025723,val,441,1,0
ISIC_0025728,val,442,1,0
ISIC_0025736,val,443,1,0
ISIC_0025741,val,444,1,0
ISIC_0025754,val,445,1,0
ISIC_0025756,val,446,1,0
ISIC_0025763,val,447,1,0
ISIC_0025772,val,448,1,0
ISIC_0025773,val,449,1,0
ISIC_0025813,val,450,1,0
ISIC_0025822,val,451,1,0
ISIC_0025833,val,452,1,0
ISIC_0025849,val,453,1,0
ISIC_0025853,val,454,1,0
ISIC_0025868,val,455,1,0
ISIC_0025872,val,456,1,0
ISIC_0025886,val,457,1,0
ISIC_0025888,val,458,1,0
ISIC_0025890,val,459,1,0
ISIC_0025894,val,460,1,0
ISIC_0025914,val,461,1,0
ISIC_0025918,val,462,1,0
ISIC_0025920,val,463,1,0
ISIC_0025921,val,464,1,0
ISIC_0025923,val,465,1,0
ISIC_0025925,val,466,1,0
ISIC_0025938,val,467,1,1
ISIC_0025944,val,468,1,0
ISIC_0025952,val,469,1,0
ISIC_0025967,val,470,1,1
ISIC_0025970,val,471,1,1
ISIC_0025990,val,472,1,1
ISIC_0026000,val,473,1,0
ISIC_0026001,val,474,1,0
ISIC_0026010,val,475,1,0
ISIC_0026013,val,476,1,0
ISIC_0026028,val,477,1,1
ISIC_0026034,val,478,1,0
ISIC_0026037,val,479,1,1
ISIC_0026041,val,480,1,0
ISIC_0026047,val,481,1,0
ISIC_0026049,val,482,1,0
ISIC_0026050,val,483,1,0
ISIC_0026057,val,484,1,0
ISIC_0026064,val,485,1,0
ISIC_0026067,val,486,1,1
ISIC_0026099,val,487,1,0
ISIC_0026106,val,488,1,1
ISIC_0026119,val,489,1,0
ISIC_0026122,val,490,1,1
ISIC_0026124,val,491,1,0
ISIC_0026126,val,492,1,1
ISIC_0026129,val,493,1,0
ISIC_0026144,val,494,1,0
ISIC_0026146,val,495,1,0
ISIC_0026157,val,496,1,0
ISIC_0026161,val,497,1,0
ISIC_0026165,val,498,1,0
ISIC_0026169,val,499,1,0
ISIC_0026172,val,500,1,0
ISIC_0026173,val,501,1,0
ISIC_0026176,val,502,1,0
ISIC_0026186,val,503,1,1
ISIC_0026193,val,504,1,0
ISIC_0026195,val,505,1,0
ISIC_0026199,val,506,1,0
ISIC_0026208,val,507,1,0
ISIC_0026223,val,508,1,0
ISIC_0026226,val,509,1,1
ISIC_0026227,val,510,1,0
ISIC_0026234,val,511,1,0
ISIC_0026237,val,512,1,1
ISIC_0026252,val,513,1,0
ISIC_0026253,val,514,1,0
ISIC_0026257,val,515,1,0
ISIC_0026285,val,516,1,0
ISIC_0026288,val,517,1,0
ISIC_0026302,val,518,1,0
ISIC_0026305,val,519,1,0
ISIC_0026306,val,520,1,0
ISIC_0026307,val,521,1,0
ISIC_0026308,val,522,1,0
ISIC_0026329,val,523,1,0
ISIC_0026331,val,524,1,0
ISIC_0026341,val,525,1,1
ISIC_0026344,val,526,1,0
ISIC_0026385,val,527,1,0
ISIC_0026390,val,528,1,0
ISIC_0026392,val,529,1,0
ISIC_0026398,val,530,1,0
ISIC_0026405,val,531,1,0
ISIC_0026410,val,532,1,0
ISIC_0026423,val,533,1,0
ISIC_0026427,val,534,1,1
ISIC_0026428,val,535,1,0
ISIC_0026429,val,536,1,0
ISIC_0026431,val,537,1,0
ISIC_0026434,val,538,1,0
ISIC_0026448,val,539,1,0
ISIC_0026463,val,540,1,0
ISIC_0026465,val,541,1,0
ISIC_0026470,val,542,1,0
ISIC_0026479,val,543,1,0
ISIC_0026483,val,544,1,0
ISIC_0026498,val,545,1,1
ISIC_0026499,val,546,1,0
ISIC_0026505,val,547,1,0
ISIC_0026513,val,548,1,1
ISIC_0026519,val,549,1,0
ISIC_0026529,val,550,1,0
ISIC_0026546,val,551,1,1
ISIC_0026548,val,552,1,0
ISIC_0026554,val,553,1,0
ISIC_0026560,val,554,1,1
ISIC_0026564,val,555,1,0
ISIC_0026568,val,556,1,0
ISIC_0026572,val,557,1,0
ISIC_0026578,val,558,1,0
ISIC_0026588,val,559,1,0
ISIC_0026595,val,560,1,0
ISIC_0026599,val,561,1,0
ISIC_0026602,val,562,1,0
ISIC_0026605,val,563,1,0
ISIC_0026608,val,564,1,0
ISIC_0026617,val,565,1,0
ISIC_0026621,val,566,1,0
ISIC_0026640,val,567,1,0
ISIC_0026658,val,568,1,0
ISIC_0026666,val,569,1,0
ISIC_0026674,val,570,1,0
ISIC_0026710,val,571,1,0
ISIC_0026712,val,572,1,0
ISIC_0026721,val,573,1,0
ISIC_0026730,val,574,1,0
ISIC_0026731,val,575,1,0
ISIC_0026740,val,576,1,0
ISIC_0026750,val,577,1,0
ISIC_0026752,val,578,1,1
ISIC_0026784,val,579,1,1
ISIC_0026786,val,580,1,1
ISIC_0026792,val,581,1,0
ISIC_0026805,val,582,1,1
ISIC_0026809,val,583,1,1
ISIC_0026810,val,584,1,0
ISIC_0026812,val,585,1,0
ISIC_0026818,val,586,1,0
ISIC_0026820,val,587,1,0
ISIC_0026832,val,588,1,0
ISIC_0026837,val,589,1,0
ISIC_0026851,val,590,1,0
ISIC_0026858,val,591,1,0
ISIC_0026862,val,592,1,0
ISIC_0026874,val,593,1,0
ISIC_0026879,val,594,1,0
ISIC_0026885,val,595,1,0
ISIC_0026890,val,596,1,0
ISIC_0026894,val,597,1,0
ISIC_0026899,val,598,1,0
ISIC_0026908,val,599,1,0
ISIC_0026928,val,600,1,0
ISIC_0026931,val,601,1,0
ISIC_0026932,val,602,1,0
ISIC_0026938,val,603,1,0
ISIC_0026943,val,604,1,0
ISIC_0026945,val,605,1,0
ISIC_0026951,val,606,1,0
ISIC_0026956,val,607,1,1
ISIC_0027009,val,608,1,0
ISIC_0027012,val,609,1,1
ISIC_0027016,val,610,1,0
ISIC_0027028,val,611,1,0
ISIC_0027032,val,612,1,0
ISIC_0027040,val,613,1,0
ISIC_0027045,val,614,1,0
ISIC_0027048,val,615,1,0
ISIC_0027051,val,616,1,1
ISIC_0027052,val,617,1,0
ISIC_0027054,val,618,1,0
ISIC_0027056,val,619,1,0
ISIC_0027070,val,620,1,0
ISIC_0027072,val,621,1,1
ISIC_0027074,val,622,1,0
ISIC_0027078,val,623,1,0
ISIC_0027079,val,624,1,0
ISIC_0027085,val,625,1,0
ISIC_0027087,val,626,1,0
ISIC_0027092,val,627,1,0
ISIC_0027095,val,628,1,0
ISIC_0027099,val,629,1,0
ISIC_0027109,val,630,1,1
ISIC_0027114,val,631,1,0
ISIC_0027115,val,632,1,0
ISIC_0027128,val,633,1,0
ISIC_0027131,val,634,1,0
ISIC_0027132,val,635,1,0
ISIC_0027145,val,636,1,0
ISIC_0027168,val,637,1,0
ISIC_0027173,val,638,1,0
ISIC_0027180,val,639,1,0
ISIC_0027193,val,640,1,0
ISIC_0027196,val,641,1,0
ISIC_0027209,val,642,1,0
ISIC_0027213,val,643,1,0
ISIC_0027222,val,644,1,0
ISIC_0027223,val,645,1,0
ISIC_0027227,val,646,1,0
ISIC_0027228,val,647,1,0
ISIC_0027248,val,648,1,1
ISIC_0027252,val,649,1,0
ISIC_0027255,val,650,1,0
ISIC_0027262,val,651,1,1
ISIC_0027266,val,652,1,1
ISIC_0027268,val,653,1,0
ISIC_0027286,val,654,1,0
ISIC_0027289,val,655,1,0
ISIC_0027299,val,656,1,0
ISIC_0027304,val,657,1,0
ISIC_0027305,val,658,1,1
ISIC_0027307,val,659,1,0
ISIC_0027312,val,660,1,0
ISIC_0027314,val,661,1,0
ISIC_0027319,val,662,1,1
ISIC_0027321,val,663,1,0
ISIC_0027323,val,664,1,0
ISIC_0027342,val,665,1,0
ISIC_0027346,val,666,1,1
ISIC_0027347,val,667,1,0
ISIC_0027351,val,668,1,0
ISIC_0027358,val,669,1,1
ISIC_0027368,val,670,1,0
ISIC_0027378,val,671,1,0
ISIC_0027380,val,672,1,0
ISIC_0027393,val,673,1,0
ISIC_0027395,val,674,1,0
ISIC_0027399,val,675,1,0
ISIC_0027413,val,676,1,0
ISIC_0027414,val,677,1,0
ISIC_0027427,val,678,1,1
ISIC_0027430,val,679,1,0
ISIC_0027445,val,680,1,0
ISIC_0027449,val,681,1,0
ISIC_0027453,val,682,1,0
ISIC_0027466,val,683,1,0
ISIC_0027467,val,684,1,0
ISIC_0027477,val,685,1,0
ISIC_0027482,val,686,1,0
ISIC_0027486,val,687,1,0
ISIC_0027493,val,688,1,0
ISIC_0027498,val,689,1,1
ISIC_0027515,val,690,1,0
ISIC_0027519,val,691,1,1
ISIC_0027520,val,692,1,0
ISIC_0027528,val,693,1,1
ISIC_0027547,val,694,1,0
ISIC_0027554,val,695,1,0
ISIC_0027556,val,696,1,0
ISIC_0027558,val,697,1,1
ISIC_0027575,val,698,1,0
ISIC_0027586,val,699,1,0
ISIC_0027596,val,700,1,1
ISIC_0027599,val,701,1,0
ISIC_0027600,val,702,1,0
ISIC_0027602,val,703,1,0
ISIC_0027610,val,704,1,0
ISIC_0027611,val,705,1,0
ISIC_0027644,val,706,1,1
ISIC_0027654,val,707,1,0
ISIC_0027657,val,708,1,0
ISIC_0027660,val,709,1,0
ISIC_0027682,val,710,1,0
ISIC_0027687,val,711,1,0
ISIC_0027690,val,712,1,0
ISIC_0027691,val,713,1,0
ISIC_0027694,val,714,1,0
ISIC_0027698,val,715,1,1
ISIC_0027699,val,716,1,0
ISIC_0027705,val,717,1,0
ISIC_0027707,val,718,1,1
ISIC_0027709,val,719,1,0
ISIC_0027729,val,720,1,1
ISIC_0027732,val,721,1,0
ISIC_0027738,val,722,1,1
ISIC_0027766,val,723,1,1
ISIC_0027768,val,724,1,1
ISIC_0027772,val,725,1,1
ISIC_0027783,val,726,1,0
ISIC_0027785,val,727,1,0
ISIC_0027791,val,728,1,0
ISIC_0027808,val,729,1,0
ISIC_0027812,val,730,1,1
ISIC_0027834,val,731,1,0
ISIC_0027839,val,732,1,0
ISIC_0027841,val,733,1,0
ISIC_0027848,val,734,1,1
ISIC_0027857,val,735,1,0
ISIC_0027877,val,736,1,0
ISIC_0027892,val,737,1,0
ISIC_0027897,val,738,1,0
ISIC_0027901,val,739,1,0
ISIC_0027912,val,740,1,0
ISIC_0027923,val,741,1,0
ISIC_0027933,val,742,1,1
ISIC_0027934,val,743,1,0
ISIC_0027938,val,744,1,0
ISIC_0027945,val,745,1,0
ISIC_0027946,val,746,1,0
ISIC_0027948,val,747,1,0
ISIC_0027959,val,748,1,0
ISIC_0027972,val,749,1,0
ISIC_0027986,val,750,1,0
ISIC_0028004,val,751,1,0
ISIC_0028006,val,752,1,0
ISIC_0028025,val,753,1,0
ISIC_0028036,val,754,1,0
ISIC_0028040,val,755,1,0
ISIC_0028044,val,756,1,0
ISIC_0028047,val,757,1,0
ISIC_0028064,val,758,1,0
ISIC_0028067,val,759,1,1
ISIC_0028070,val,760,1,0
ISIC_0028071,val,761,1,0
ISIC_0028072,val,762,1,0
ISIC_0028073,val,763,1,0
ISIC_0028074,val,764,1,0
ISIC_0028090,val,765,1,0
ISIC_0028091,val,766,1,1
ISIC_0028098,val,767,1,0
ISIC_0028099,val,768,1,0
ISIC_0028128,val,769,1,0
ISIC_0028138,val,770,1,0
ISIC_0028141,val,771,1,1
ISIC_0028143,val,772,1,0
ISIC_0028157,val,773,1,0
ISIC_0028169,val,774,1,0
ISIC_0028172,val,775,1,0
ISIC_0028175,val,776,1,0
ISIC_0028178,val,777,1,0
ISIC_0028183,val,778,1,0
ISIC_0028184,val,779,1,0
ISIC_0028186,val,780,1,0
ISIC_0028191,val,781,1,0
ISIC_0028192,val,782,1,0
ISIC_0028208,val,783,1,0
ISIC_0028235,val,784,1,0
ISIC_0028246,val,785,1,0
ISIC_0028255,val,786,1,1
ISIC_0028286,val,787,1,0
ISIC_0028296,val,788,1,0
ISIC_0028298,val,789,1,0
ISIC_0028315,val,790,1,0
ISIC_0028332,val,791,1,0
ISIC_0028333,val,792,1,0
ISIC_0028344,val,793,1,1
ISIC_0028359,val,794,1,0
ISIC_0028363,val,795,1,0
ISIC_0028380,val,796,1,1
ISIC_0028383,val,797,1,0
ISIC_0028396,val,798,1,0
ISIC_0028398,val,799,1,0
ISIC_0028400,val,800,1,0
ISIC_0028403,val,801,1,0
ISIC_0028407,val,802,1,0
ISIC_0028413,val,803,1,1
ISIC_0028421,val,804,1,0
ISIC_0028436,val,805,1,1
ISIC_0028440,val,806,1,0
ISIC_0028441,val,807,1,1
ISIC_0028443,val,808,1,0
ISIC_0028446,val,809,1,0
ISIC_0028450,val,810,1,1
ISIC_0028452,val,811,1,0
ISIC_0028454,val,812,1,0
ISIC_0028470,val,813,1,0
ISIC_0028485,val,814,1,0
ISIC_0028498,val,815,1,1
ISIC_0028504,val,816,1,0
ISIC_0028510,val,817,1,0
ISIC_0028514,val,818,1,0
ISIC_0028521,val,819,1,0
ISIC_0028538,val,820,1,0
ISIC_0028539,val,821,1,0
ISIC_0028540,val,822,1,0
ISIC_0028545,val,823,1,0
ISIC_0028559,val,824,1,0
ISIC_0028566,val,825,1,0
ISIC_0028573,val,826,1,0
ISIC_0028588,val,827,1,0
ISIC_0028589,val,828,1,1
ISIC_0028591,val,829,1,1
ISIC_0028595,val,830,1,0
ISIC_0028597,val,831,1,0
ISIC_0028602,val,832,1,1
ISIC_0028603,val,833,1,0
ISIC_0028605,val,834,1,0
ISIC_0028609,val,835,1,0
ISIC_0028616,val,836,1,0
ISIC_0028627,val,837,1,0
ISIC_0028633,val,838,1,0
ISIC_0028635,val,839,1,0
ISIC_0028638,val,840,1,0
ISIC_0028647,val,841,1,0
ISIC_0028649,val,842,1,1
ISIC_0028658,val,843,1,0
ISIC_0028660,val,844,1,0
ISIC_0028661,val,845,1,0
ISIC_0028667,val,846,1,0
ISIC_0028675,val,847,1,0
ISIC_0028699,val,848,1,0
ISIC_0028713,val,849,1,0
ISIC_0028716,val,850,1,0
ISIC_0028721,val,851,1,0
ISIC_0028724,val,852,1,0
ISIC_0028726,val,853,1,0
ISIC_0028731,val,854,1,0
ISIC_0028767,val,855,1,0
ISIC_0028768,val,856,1,0
ISIC_0028781,val,857,1,0
ISIC_0028784,val,858,1,0
ISIC_0028788,val,859,1,0
ISIC_0028796,val,860,1,0
ISIC_0028801,val,861,1,0
ISIC_0028803,val,862,1,1
ISIC_0028809,val,863,1,0
ISIC_0028812,val,864,1,0
ISIC_0028827,val,865,1,0
ISIC_0028829,val,866,1,1
ISIC_0028833,val,867,1,0
ISIC_0028835,val,868,1,0
ISIC_0028845,val,869,1,0
ISIC_0028850,val,870,1,0
ISIC_0028868,val,871,1,0
ISIC_0028883,val,872,1,0
ISIC_0028884,val,873,1,1
ISIC_0028912,val,874,1,0
ISIC_0028921,val,875,1,0
ISIC_0028927,val,876,1,0
ISIC_0028934,val,877,1,0
ISIC_0028936,val,878,1,0
ISIC_0028938,val,879,1,1
ISIC_0028950,val,880,1,0
ISIC_0028963,val,881,1,0
ISIC_0028966,val,882,1,0
ISIC_0028981,val,883,1,0
ISIC_0028985,val,884,1,0
ISIC_0028988,val,885,1,1
ISIC_0028993,val,886,1,1
ISIC_0028998,val,887,1,0
ISIC_0029004,val,888,1,0
ISIC_0029005,val,889,1,0
ISIC_0029006,val,890,1,0
ISIC_0029007,val,891,1,0
ISIC_0029027,val,892,1,0
ISIC_0029037,val,893,1,0
ISIC_0029054,val,894,1,0
ISIC_0029057,val,895,1,0
ISIC_0029058,val,896,1,0
ISIC_0029066,val,897,1,0
ISIC_0029071,val,898,1,0
ISIC_0029073,val,899,1,0
ISIC_0029076,val,900,1,0
ISIC_0029087,val,901,1,0
ISIC_0029097,val,902,1,0
ISIC_0029127,val,903,1,0
ISIC_0029134,val,904,1,0
ISIC_0029137,val,905,1,0
ISIC_0029138,val,906,1,0
ISIC_0029142,val,907,1,0
ISIC_0029145,val,908,1,0
ISIC_0029150,val,909,1,0
ISIC_0029169,val,910,1,0
ISIC_0029181,val,911,1,0
ISIC_0029183,val,912,1,0
ISIC_0029191,val,913,1,1
ISIC_0029204,val,914,1,0
ISIC_0029208,val,915,1,0
ISIC_0029218,val,916,1,0
ISIC_0029219,val,917,1,0
ISIC_0029223,val,918,1,0
ISIC_0029225,val,919,1,0
ISIC_0029228,val,920,1,0
ISIC_0029231,val,921,1,1
ISIC_0029234,val,922,1,0
ISIC_0029237,val,923,1,0
ISIC_0029244,val,924,1,0
ISIC_0029255,val,925,1,0
ISIC_0029261,val,926,1,0
ISIC_0029287,val,927,1,0
ISIC_0029310,val,928,1,0
ISIC_0029321,val,929,1,0
ISIC_0029326,val,930,1,0
ISIC_0029332,val,931,1,1
ISIC_0029344,val,932,1,0
ISIC_0029347,val,933,1,0
ISIC_0029350,val,934,1,0
ISIC_0029364,val,935,1,0
ISIC_0029367,val,936,1,0
ISIC_0029373,val,937,1,0
ISIC_0029376,val,938,1,0
ISIC_0029387,val,939,1,0
ISIC_0029395,val,940,1,0
ISIC_0029400,val,941,1,0
ISIC_0029407,val,942,1,0
ISIC_0029422,val,943,1,0
ISIC_0029441,val,944,1,0
ISIC_0029445,val,945,1,0
ISIC_0029446,val,946,1,0
ISIC_0029457,val,947,1,0
ISIC_0029463,val,948,1,0
ISIC_0029467,val,949,1,0
ISIC_0029477,val,950,1,0
ISIC_0029490,val,951,1,0
ISIC_0029492,val,952,1,0
ISIC_0029497,val,953,1,0
ISIC_0029499,val,954,1,1
ISIC_0029510,val,955,1,0
ISIC_0029528,val,956,1,0
ISIC_0029532,val,957,1,0
ISIC_0029543,val,958,1,0
ISIC_0029550,val,959,1,0
ISIC_0029553,val,960,1,0
ISIC_0029556,val,961,1,0
ISIC_0029569,val,962,1,0
ISIC_0029583,val,963,1,0
ISIC_0029599,val,964,1,0
ISIC_0029605,val,965,1,0
ISIC_0029615,val,966,1,1
ISIC_0029616,val,967,1,0
ISIC_0029619,val,968,1,0
ISIC_0029637,val,969,1,0
ISIC_0029643,val,970,1,0
ISIC_0029654,val,971,1,0
ISIC_0029663,val,972,1,0
ISIC_0029667,val,973,1,0
ISIC_0029689,val,974,1,0
ISIC_0029691,val,975,1,0
ISIC_0029695,val,976,1,0
ISIC_0029696,val,977,1,0
ISIC_0029699,val,978,1,0
ISIC_0029702,val,979,1,0
ISIC_0029703,val,980,1,0
ISIC_0029707,val,981,1,0
ISIC_0029711,val,982,1,0
ISIC_0029720,val,983,1,0
ISIC_0029729,val,984,1,0
ISIC_0029735,val,985,1,1
ISIC_0029743,val,986,1,0
ISIC_0029746,val,987,1,1
ISIC_0029752,val,988,1,1
ISIC_0029765,val,989,1,0
ISIC_0029767,val,990,1,0
ISIC_0029771,val,991,1,0
ISIC_0029782,val,992,1,0
ISIC_0029790,val,993,1,0
ISIC_0029792,val,994,1,0
ISIC_0029796,val,995,1,0
ISIC_0029806,val,996,1,0
ISIC_0029809,val,997,1,0
ISIC_0029814,val,998,1,1
ISIC_0029815,val,999,1,0
ISIC_0029818,val,1000,1,0
ISIC_0029844,val,1001,1,0
ISIC_0029854,val,1002,1,0
ISIC_0029866,val,1003,1,0
ISIC_0029868,val,1004,1,0
ISIC_0029896,val,1005,1,0
ISIC_0029906,val,1006,1,0
ISIC_0029910,val,1007,1,0
ISIC_0029918,val,1008,1,0
ISIC_0029922,val,1009,1,0
ISIC_0029928,val,1010,1,0
ISIC_0029938,val,1011,1,1
ISIC_0029946,val,1012,1,0
ISIC_0029949,val,1013,1,0
ISIC_0029952,val,1014,1,0
ISIC_0029956,val,1015,1,0
ISIC_0029964,val,1016,1,0
ISIC_0029965,val,1017,1,0
ISIC_0029968,val,1018,1,0
ISIC_0029975,val,1019,1,1
ISIC_0029976,val,1020,1,1
ISIC_0029987,val,1021,1,0
ISIC_0029993,val,1022,1,1
ISIC_0029996,val,1023,1,0
ISIC_0029999,val,1024,1,0
ISIC_0030000,val,1025,1,0
ISIC_0030006,val,1026,1,0
ISIC_0030022,val,1027,1,0
ISIC_0030027,val,1028,1,0
ISIC_0030040,val,1029,1,0
ISIC_0030049,val,1030,1,0
ISIC_0030052,val,1031,1,0
ISIC_0030054,val,1032,1,0
ISIC_0030055,val,1033,1,0
ISIC_0030059,val,1034,1,0
ISIC_0030061,val,1035,1,1
ISIC_0030062,val,1036,1,0
ISIC_0030064,val,1037,1,0
ISIC_0030074,val,1038,1,0
ISIC_0030075,val,1039,1,0
ISIC_0030077,val,1040,1,1
ISIC_0030098,val,1041,1,0
ISIC_0030099,val,1042,1,0
ISIC_0030103,val,1043,1,0
ISIC_0030115,val,1044,1,0
ISIC_0030116,val,1045,1,1
ISIC_0030117,val,1046,1,1
ISIC_0030120,val,1047,1,0
ISIC_0030127,val,1048,1,0
ISIC_0030132,val,1049,1,0
ISIC_0030139,val,1050,1,1
ISIC_0030157,val,1051,1,0
ISIC_0030159,val,1052,1,0
ISIC_0030167,val,1053,1,0
ISIC_0030176,val,1054,1,1
ISIC_0030182,val,1055,1,0
ISIC_0030184,val,1056,1,1
ISIC_0030194,val,1057,1,1
ISIC_0030204,val,1058,1,0
ISIC_0030213,val,1059,1,0
ISIC_0030253,val,1060,1,1
ISIC_0030263,val,1061,1,0
ISIC_0030266,val,1062,1,0
ISIC_0030268,val,1063,1,1
ISIC_0030278,val,1064,1,0
ISIC_0030284,val,1065,1,0
ISIC_0030290,val,1066,1,0
ISIC_0030294,val,1067,1,0
ISIC_0030295,val,1068,1,0
ISIC_0030300,val,1069,1,1
ISIC_0030301,val,1070,1,0
ISIC_0030306,val,1071,1,0
ISIC_0030309,val,1072,1,0
ISIC_0030312,val,1073,1,1
ISIC_0030330,val,1074,1,0
ISIC_0030334,val,1075,1,0
ISIC_0030350,val,1076,1,1
ISIC_0030354,val,1077,1,1
ISIC_0030363,val,1078,1,0
ISIC_0030380,val,1079,1,0
ISIC_0030384,val,1080,1,0
ISIC_0030404,val,1081,1,0
ISIC_0030405,val,1082,1,0
ISIC_0030407,val,1083,1,0
ISIC_0030411,val,1084,1,0
ISIC_0030412,val,1085,1,0
ISIC_0030424,val,1086,1,0
ISIC_0030425,val,1087,1,0
ISIC_0030439,val,1088,1,0
ISIC_0030444,val,1089,1,0
ISIC_0030448,val,1090,1,0
ISIC_0030461,val,1091,1,0
ISIC_0030466,val,1092,1,1
ISIC_0030468,val,1093,1,0
ISIC_0030470,val,1094,1,0
ISIC_0030472,val,1095,1,0
ISIC_0030473,val,1096,1,0
ISIC_0030478,val,1097,1,0
ISIC_0030479,val,1098,1,1
ISIC_0030480,val,1099,1,0
ISIC_0030482,val,1100,1,0
ISIC_0030483,val,1101,1,0
ISIC_0030490,val,1102,1,0
ISIC_0030497,val,1103,1,0
ISIC_0030513,val,1104,1,0
ISIC_0030515,val,1105,1,0
ISIC_0030516,val,1106,1,0
ISIC_0030518,val,1107,1,0
ISIC_0030538,val,1108,1,0
ISIC_0030540,val,1109,1,0
ISIC_0030541,val,1110,1,0
ISIC_0030545,val,1111,1,0
ISIC_0030546,val,1112,1,0
ISIC_0030550,val,1113,1,0
ISIC_0030559,val,1114,1,0
ISIC_0030566,val,1115,1,0
ISIC_0030570,val,1116,1,0
ISIC_0030577,val,1117,1,0
ISIC_0030600,val,1118,1,0
ISIC_0030609,val,1119,1,1
ISIC_0030626,val,1120,1,0
ISIC_0030628,val,1121,1,0
ISIC_0030629,val,1122,1,0
ISIC_0030631,val,1123,1,0
ISIC_0030633,val,1124,1,0
ISIC_0030643,val,1125,1,0
ISIC_0030646,val,1126,1,0
ISIC_0030648,val,1127,1,0
ISIC_0030654,val,1128,1,1
ISIC_0030664,val,1129,1,0
ISIC_0030666,val,1130,1,0
ISIC_0030667,val,1131,1,0
ISIC_0030672,val,1132,1,0
ISIC_0030675,val,1133,1,0
ISIC_0030676,val,1134,1,0
ISIC_0030678,val,1135,1,0
ISIC_0030688,val,1136,1,1
ISIC_0030696,val,1137,1,0
ISIC_0030697,val,1138,1,0
ISIC_0030699,val,1139,1,0
ISIC_0030703,val,1140,1,0
ISIC_0030708,val,1141,1,0
ISIC_0030711,val,1142,1,0
ISIC_0030715,val,1143,1,0
ISIC_0030718,val,1144,1,0
ISIC_0030719,val,1145,1,0
ISIC_0030724,val,1146,1,0
ISIC_0030726,val,1147,1,0
ISIC_0030729,val,1148,1,0
ISIC_0030732,val,1149,1,0
ISIC_0030738,val,1150,1,0
ISIC_0030740,val,1151,1,0
ISIC_0030753,val,1152,1,0
ISIC_0030763,val,1153,1,0
ISIC_0030769,val,1154,1,0
ISIC_0030772,val,1155,1,1
ISIC_0030777,val,1156,1,0
ISIC_0030793,val,1157,1,0
ISIC_0030796,val,1158,1,0
ISIC_0030807,val,1159,1,0
ISIC_0030819,val,1160,1,0
ISIC_0030834,val,1161,1,0
ISIC_0030836,val,1162,1,0
ISIC_0030838,val,1163,1,0
ISIC_0030839,val,1164,1,0
ISIC_0030851,val,1165,1,0
ISIC_0030853,val,1166,1,0
ISIC_0030856,val,1167,1,1
ISIC_0030863,val,1168,1,0
ISIC_0030864,val,1169,1,0
ISIC_0030865,val,1170,1,0
ISIC_0030895,val,1171,1,0
ISIC_0030899,val,1172,1,1
ISIC_0030900,val,1173,1,1
ISIC_0030902,val,1174,1,0
ISIC_0030904,val,1175,1,0
ISIC_0030922,val,1176,1,0
ISIC_0030923,val,1177,1,1
ISIC_0030924,val,1178,1,0
ISIC_0030927,val,1179,1,0
ISIC_0030931,val,1180,1,0
ISIC_0030933,val,1181,1,1
ISIC_0030936,val,1182,1,0
ISIC_0030938,val,1183,1,0
ISIC_0030942,val,1184,1,1
ISIC_0030943,val,1185,1,0
ISIC_0030957,val,1186,1,0
ISIC_0030960,val,1187,1,1
ISIC_0030961,val,1188,1,1
ISIC_0030977,val,1189,1,1
ISIC_0030985,val,1190,1,0
ISIC_0030996,val,1191,1,0
ISIC_0031004,val,1192,1,0
ISIC_0031010,val,1193,1,0
ISIC_0031022,val,1194,1,0
ISIC_0031031,val,1195,1,0
ISIC_0031035,val,1196,1,0
ISIC_0031036,val,1197,1,0
ISIC_0031039,val,1198,1,1
ISIC_0031045,val,1199,1,0
ISIC_0031049,val,1200,1,0
ISIC_0031067,val,1201,1,0
ISIC_0031075,val,1202,1,0
ISIC_0031076,val,1203,1,0
ISIC_0031081,val,1204,1,1
ISIC_0031085,val,1205,1,0
ISIC_0031091,val,1206,1,0
ISIC_0031094,val,1207,1,1
ISIC_0031101,val,1208,1,0
ISIC_0031107,val,1209,1,1
ISIC_0031113,val,1210,1,1
ISIC_0031114,val,1211,1,0
ISIC_0031126,val,1212,1,1
ISIC_0031129,val,1213,1,0
ISIC_0031131,val,1214,1,1
ISIC_0031135,val,1215,1,0
ISIC_0031142,val,1216,1,0
ISIC_0031143,val,1217,1,0
ISIC_0031144,val,1218,1,0
ISIC_0031151,val,1219,1,0
ISIC_0031152,val,1220,1,0
ISIC_0031161,val,1221,1,0
ISIC_0031163,val,1222,1,0
ISIC_0031174,val,1223,1,0
ISIC_0031178,val,1224,1,0
ISIC_0031182,val,1225,1,0
ISIC_0031195,val,1226,1,0
ISIC_0031199,val,1227,1,0
ISIC_0031205,val,1228,1,0
ISIC_0031206,val,1229,1,0
ISIC_0031216,val,1230,1,1
ISIC_0031221,val,1231,1,0
ISIC_0031231,val,1232,1,0
ISIC_0031246,val,1233,1,0
ISIC_0031250,val,1234,1,0
ISIC_0031259,val,1235,1,1
ISIC_0031262,val,1236,1,0
ISIC_0031280,val,1237,1,0
ISIC_0031282,val,1238,1,0
ISIC_0031290,val,1239,1,0
ISIC_0031306,val,1240,1,0
ISIC_0031316,val,1241,1,0
ISIC_0031319,val,1242,1,0
ISIC_0031323,val,1243,1,0
ISIC_0031325,val,1244,1,0
ISIC_0031332,val,1245,1,0
ISIC_0031342,val,1246,1,0
ISIC_0031355,val,1247,1,0
ISIC_0031380,val,1248,1,0
ISIC_0031382,val,1249,1,0
ISIC_0031388,val,1250,1,0
ISIC_0031390,val,1251,1,0
ISIC_0031393,val,1252,1,0
ISIC_0031397,val,1253,1,0
ISIC_0031398,val,1254,1,0
ISIC_0031403,val,1255,1,0
ISIC_0031411,val,1256,1,0
ISIC_0031412,val,1257,1,1
ISIC_0031415,val,1258,1,0
ISIC_0031420,val,1259,1,0
ISIC_0031425,val,1260,1,0
ISIC_0031434,val,1261,1,0
ISIC_0031437,val,1262,1,0
ISIC_0031439,val,1263,1,0
ISIC_0031445,val,1264,1,0
ISIC_0031452,val,1265,1,0
ISIC_0031458,val,1266,1,0
ISIC_0031463,val,1267,1,0
ISIC_0031474,val,1268,1,1
ISIC_0031480,val,1269,1,0
ISIC_0031503,val,1270,1,0
ISIC_0031504,val,1271,1,0
ISIC_0031507,val,1272,1,0
ISIC_0031508,val,1273,1,0
ISIC_0031514,val,1274,1,0
ISIC_0031515,val,1275,1,0
ISIC_0031516,val,1276,1,0
ISIC_0031548,val,1277,1,0
ISIC_0031555,val,1278,1,1
ISIC_0031564,val,1279,1,1
ISIC_0031589,val,1280,1,0
ISIC_0031595,val,1281,1,0
ISIC_0031602,val,1282,1,0
ISIC_0031605,val,1283,1,0
ISIC_0031606,val,1284,1,0
ISIC_0031612,val,1285,1,0
ISIC_0031613,val,1286,1,0
ISIC_0031623,val,1287,1,0
ISIC_0031625,val,1288,1,0
ISIC_0031627,val,1289,1,0
ISIC_0031631,val,1290,1,0
ISIC_0031638,val,1291,1,0
ISIC_0031641,val,1292,1,0
ISIC_0031647,val,1293,1,0
ISIC_0031660,val,1294,1,0
ISIC_0031661,val,1295,1,0
ISIC_0031663,val,1296,1,0
ISIC_0031665,val,1297,1,0
ISIC_0031676,val,1298,1,0
ISIC_0031678,val,1299,1,0
ISIC_0031680,val,1300,1,0
ISIC_0031682,val,1301,1,0
ISIC_0031693,val,1302,1,0
ISIC_0031694,val,1303,1,1
ISIC_0031710,val,1304,1,0
ISIC_0031722,val,1305,1,0
ISIC_0031742,val,1306,1,1
ISIC_0031744,val,1307,1,0
ISIC_0031751,val,1308,1,0
ISIC_0031758,val,1309,1,0
ISIC_0031764,val,1310,1,0
ISIC_0031771,val,1311,1,0
ISIC_0031772,val,1312,1,0
ISIC_0031774,val,1313,1,0
ISIC_0031782,val,1314,1,0
ISIC_0031790,val,1315,1,0
ISIC_0031792,val,1316,1,0
ISIC_0031793,val,1317,1,0
ISIC_0031796,val,1318,1,0
ISIC_0031800,val,1319,1,0
ISIC_0031804,val,1320,1,0
ISIC_0031810,val,1321,1,0
ISIC_0031814,val,1322,1,1
ISIC_0031842,val,1323,1,0
ISIC_0031856,val,1324,1,0
ISIC_0031860,val,1325,1,0
ISIC_0031861,val,1326,1,0
ISIC_0031878,val,1327,1,0
ISIC_0031902,val,1328,1,0
ISIC_0031912,val,1329,1,0
ISIC_0031946,val,1330,1,0
ISIC_0031952,val,1331,1,0
ISIC_0031962,val,1332,1,0
ISIC_0031984,val,1333,1,1
ISIC_0032001,val,1334,1,0
ISIC_0032002,val,1335,1,0
ISIC_0032004,val,1336,1,0
ISIC_0032007,val,1337,1,0
ISIC_0032012,val,1338,1,0
ISIC_0032021,val,1339,1,0
ISIC_0032023,val,1340,1,1
ISIC_0032029,val,1341,1,1
ISIC_0032039,val,1342,1,0
ISIC_0032048,val,1343,1,0
ISIC_0032058,val,1344,1,1
ISIC_0032060,val,1345,1,0
ISIC_0032062,val,1346,1,0
ISIC_0032066,val,1347,1,0
ISIC_0032069,val,1348,1,0
ISIC_0032071,val,1349,1,0
ISIC_0032074,val,1350,1,0
ISIC_0032080,val,1351,1,0
ISIC_0032094,val,1352,1,0
ISIC_0032096,val,1353,1,1
ISIC_0032100,val,1354,1,0
ISIC_0032119,val,1355,1,0
ISIC_0032133,val,1356,1,0
ISIC_0032136,val,1357,1,0
ISIC_0032140,val,1358,1,1
ISIC_0032141,val,1359,1,0
ISIC_0032151,val,1360,1,0
ISIC_0032158,val,1361,1,0
ISIC_0032162,val,1362,1,0
ISIC_0032165,val,1363,1,0
ISIC_0032176,val,1364,1,0
ISIC_0032202,val,1365,1,0
ISIC_0032205,val,1366,1,0
ISIC_0032208,val,1367,1,0
ISIC_0032218,val,1368,1,1
ISIC_0032223,val,1369,1,0
ISIC_0032243,val,1370,1,0
ISIC_0032254,val,1371,1,0
ISIC_0032256,val,1372,1,0
ISIC_0032266,val,1373,1,0
ISIC_0032267,val,1374,1,0
ISIC_0032275,val,1375,1,0
ISIC_0032279,val,1376,1,0
ISIC_0032282,val,1377,1,0
ISIC_0032286,val,1378,1,0
ISIC_0032289,val,1379,1,0
ISIC_0032293,val,1380,1,0
ISIC_0032310,val,1381,1,1
ISIC_0032317,val,1382,1,0
ISIC_0032321,val,1383,1,0
ISIC_0032327,val,1384,1,0
ISIC_0032332,val,1385,1,0
ISIC_0032334,val,1386,1,0
ISIC_0032336,val,1387,1,0
ISIC_0032337,val,1388,1,0
ISIC_0032341,val,1389,1,1
ISIC_0032353,val,1390,1,0
ISIC_0032357,val,1391,1,0
ISIC_0032367,val,1392,1,0
ISIC_0032368,val,1393,1,1
ISIC_0032370,val,1394,1,0
ISIC_0032376,val,1395,1,0
ISIC_0032378,val,1396,1,0
ISIC_0032383,val,1397,1,0
ISIC_0032393,val,1398,1,0
ISIC_0032399,val,1399,1,0
ISIC_0032406,val,1400,1,0
ISIC_0032407,val,1401,1,1
ISIC_0032421,val,1402,1,1
ISIC_0032442,val,1403,1,0
ISIC_0032443,val,1404,1,0
ISIC_0032451,val,1405,1,0
ISIC_0032453,val,1406,1,0
ISIC_0032458,val,1407,1,0
ISIC_0032464,val,1408,1,0
ISIC_0032467,val,1409,1,0
ISIC_0032488,val,1410,1,0
ISIC_0032512,val,1411,1,1
ISIC_0032521,val,1412,1,1
ISIC_0032546,val,1413,1,1
ISIC_0032551,val,1414,1,0
ISIC_0032558,val,1415,1,1
ISIC_0032562,val,1416,1,0
ISIC_0032587,val,1417,1,1
ISIC_0032600,val,1418,1,1
ISIC_0032605,val,1419,1,0
ISIC_0032615,val,1420,1,1
ISIC_0032616,val,1421,1,0
ISIC_0032619,val,1422,1,1
ISIC_0032628,val,1423,1,0
ISIC_0032631,val,1424,1,0
ISIC_0032640,val,1425,1,1
ISIC_0032646,val,1426,1,1
ISIC_0032649,val,1427,1,1
ISIC_0032659,val,1428,1,1
ISIC_0032679,val,1429,1,1
ISIC_0032693,val,1430,1,1
ISIC_0032700,val,1431,1,0
ISIC_0032702,val,1432,1,1
ISIC_0032711,val,1433,1,1
ISIC_0032713,val,1434,1,0
ISIC_0032714,val,1435,1,1
ISIC_0032717,val,1436,1,0
ISIC_0032731,val,1437,1,0
ISIC_0032742,val,1438,1,1
ISIC_0032767,val,1439,1,1
ISIC_0032769,val,1440,1,1
ISIC_0032770,val,1441,1,1
ISIC_0032780,val,1442,1,0
ISIC_0032788,val,1443,1,0
ISIC_0032789,val,1444,1,0
ISIC_0032794,val,1445,1,0
ISIC_0032798,val,1446,1,0
ISIC_0032802,val,1447,1,0
ISIC_0032805,val,1448,1,1
ISIC_0032809,val,1449,1,1
ISIC_0032821,val,1450,1,1
ISIC_0032831,val,1451,1,1
ISIC_0032846,val,1452,1,1
ISIC_0032849,val,1453,1,0
ISIC_0032851,val,1454,1,1
ISIC_0032896,val,1455,1,0
ISIC_0032902,val,1456,1,1
ISIC_0032912,val,1457,1,0
ISIC_0032916,val,1458,1,1
ISIC_0032928,val,1459,1,1
ISIC_0032962,val,1460,1,0
ISIC_0032979,val,1461,1,0
ISIC_0032986,val,1462,1,1
ISIC_0032989,val,1463,1,0
ISIC_0032992,val,1464,1,1
ISIC_0033006,val,1465,1,1
ISIC_0033007,val,1466,1,1
ISIC_0033009,val,1467,1,1
ISIC_0033011,val,1468,1,0
ISIC_0033032,val,1469,1,1
ISIC_0033039,val,1470,1,0
ISIC_0033043,val,1471,1,0
ISIC_0033108,val,1472,1,1
ISIC_0033116,val,1473,1,0
ISIC_0033131,val,1474,1,1
ISIC_0033164,val,1475,1,1
ISIC_0033172,val,1476,1,1
ISIC_0033182,val,1477,1,1
ISIC_0033190,val,1478,1,0
ISIC_0033202,val,1479,1,0
ISIC_0033214,val,1480,1,1
ISIC_0033250,val,1481,1,1
ISIC_0033281,val,1482,1,1
ISIC_0033290,val,1483,1,0
ISIC_0033294,val,1484,1,1
ISIC_0033297,val,1485,1,1
ISIC_0033311,val,1486,1,0
ISIC_0033316,val,1487,1,1
ISIC_0033338,val,1488,1,1
ISIC_0033348,val,1489,1,1
ISIC_0033356,val,1490,1,1
ISIC_0033364,val,1491,1,0
ISIC_0033365,val,1492,1,0
ISIC_0033375,val,1493,1,0
ISIC_0033382,val,1494,1,1
ISIC_0033402,val,1495,1,1
ISIC_0033403,val,1496,1,1
ISIC_0033411,val,1497,1,1
ISIC_0033418,val,1498,1,0
ISIC_0033445,val,1499,1,0
ISIC_0033447,val,1500,1,1
ISIC_0033463,val,1501,1,0
ISIC_0033475,val,1502,1,1
ISIC_0033481,val,1503,1,0
ISIC_0033493,val,1504,1,1
ISIC_0033495,val,1505,1,1
ISIC_0033506,val,1506,1,1
ISIC_0033511,val,1507,1,1
ISIC_0033512,val,1508,1,0
ISIC_0033527,val,1509,1,1
ISIC_0033544,val,1510,1,0
ISIC_0033561,val,1511,1,0
ISIC_0033564,val,1512,1,1
ISIC_0033566,val,1513,1,1
ISIC_0033567,val,1514,1,0
ISIC_0033577,val,1515,1,0
ISIC_0033585,val,1516,1,1
ISIC_0033590,val,1517,1,1
ISIC_0033596,val,1518,1,0
ISIC_0033604,val,1519,1,1
ISIC_0033615,val,1520,1,0
ISIC_0033617,val,1521,1,1
ISIC_0033618,val,1522,1,0
ISIC_0033625,val,1523,1,1
ISIC_0033634,val,1524,1,0
ISIC_0033656,val,1525,1,0
ISIC_0033672,val,1526,1,1
ISIC_0033673,val,1527,1,1
ISIC_0033686,val,1528,1,0
ISIC_0033688,val,1529,1,1
ISIC_0033689,val,1530,1,0
ISIC_0033692,val,1531,1,1
ISIC_0033694,val,1532,1,1
ISIC_0033702,val,1533,1,0
ISIC_0033706,val,1534,1,1
ISIC_0033729,val,1535,1,1
ISIC_0033731,val,1536,1,1
ISIC_0033756,val,1537,1,1
ISIC_0033757,val,1538,1,0
ISIC_0033768,val,1539,1,1
ISIC_0033775,val,1540,1,0
ISIC_0033787,val,1541,1,1
ISIC_0033789,val,1542,1,1
ISIC_0033800,val,1543,1,1
ISIC_0033824,val,1544,1,1
ISIC_0033825,val,1545,1,0
ISIC_0033833,val,1546,1,0
ISIC_0033849,val,1547,1,0
ISIC_0033857,val,1548,1,0
ISIC_0033876,val,1549,1,1
ISIC_0033887,val,1550,1,1
ISIC_0033888,val,1551,1,1
ISIC_0033894,val,1552,1,1
ISIC_0033896,val,1553,1,0
ISIC_0033906,val,1554,1,1
ISIC_0033907,val,1555,1,1
ISIC_0033915,val,1556,1,0
ISIC_0033918,val,1557,1,1
ISIC_0033929,val,1558,1,1
ISIC_0033932,val,1559,1,1
ISIC_0033950,val,1560,1,0
ISIC_0033961,val,1561,1,0
ISIC_0033965,val,1562,1,1
ISIC_0033982,val,1563,1,0
ISIC_0033993,val,1564,1,1
ISIC_0034044,val,1565,1,1
ISIC_0034045,val,1566,1,0
ISIC_0034053,val,1567,1,0
ISIC_0034105,val,1568,1,1
ISIC_0034109,val,1569,1,1
ISIC_0034114,val,1570,1,0
ISIC_0034131,val,1571,1,1
ISIC_0034164,val,1572,1,0
ISIC_0034166,val,1573,1,0
ISIC_0034193,val,1574,1,0
ISIC_0034199,val,1575,1,1
ISIC_0034209,val,1576,1,0
ISIC_0034210,val,1577,1,1
ISIC_0034226,val,1578,1,0
ISIC_0034227,val,1579,1,1
ISIC_0034229,val,1580,1,1
ISIC_0034230,val,1581,1,1
ISIC_0034241,val,1582,1,1
ISIC_0034245,val,1583,1,1
ISIC_0034247,val,1584,1,1
ISIC_0034257,val,1585,1,0
ISIC_0034265,val,1586,1,0
ISIC_0034267,val,1587,1,1
ISIC_0034271,val,1588,1,0
ISIC_0034279,val,1589,1,1
ISIC_0034282,val,1590,1,0
ISIC_0034290,val,1591,1,1
ISIC_0034292,val,1592,1,1
ISIC_0034295,val,1593,1,1
ISIC_0034297,val,1594,1,0
ISIC_0034301,val,1595,1,1
ISIC_0034305,val,1596,1,1
ISIC_0034310,val,1597,1,1
ISIC_0034311,val,1598,1,0
ISIC_0034321,val,1599,0,0
ISIC_0034324,val,1600,0,0
ISIC_0034325,val,1601,0,0
ISIC_0034348,val,1602,0,0
ISIC_0034351,val,1603,0,0
ISIC_0034369,val,1604,0,0
ISIC_0034391,val,1605,0,0
ISIC_0034393,val,1606,0,0
ISIC_0034408,val,1607,0,0
ISIC_0034417,val,1608,0,0
ISIC_0034423,val,1609,0,0
ISIC_0034434,val,1610,0,0
ISIC_0034440,val,1611,0,0
ISIC_0034458,val,1612,0,0
ISIC_0034465,val,1613,0,0
ISIC_0034466,val,1614,0,0
ISIC_0034474,val,1615,0,0
ISIC_0034475,val,1616,0,0
ISIC_0034499,val,1617,0,0
ISIC_0034501,val,1618,0,0
ISIC_0034502,val,1619,0,0
ISIC_0034507,val,1620,0,0
ISIC_0034511,val,1621,0,0
ISIC_0034516,val,1622,0,0
ISIC_0034522,val,1623,0,0
ISIC_0034524,val,1624,0,0
ISIC_0034525,val,1625,0,0
ISIC_0034527,val,1626,0,0
ISIC_0034544,val,1627,0,0
ISIC_0034552,val,1628,0,0
ISIC_0034557,val,1629,0,0
ISIC_0034562,val,1630,0,0
ISIC_0034567,val,1631,0,0
ISIC_0034581,val,1632,0,0
ISIC_0034589,val,1633,0,0
ISIC_0034593,val,1634,0,0
ISIC_0034610,val,1635,0,0
ISIC_0034621,val,1636,0,0
ISIC_0034635,val,1637,0,0
ISIC_0034636,val,1638,0,0
ISIC_0034637,val,1639,0,0
ISIC_0034639,val,1640,0,0
ISIC_0034671,val,1641,0,0
ISIC_0034678,val,1642,0,0
ISIC_0034703,val,1643,0,0
ISIC_0034705,val,1644,0,0
ISIC_0034707,val,1645,0,0
ISIC_0034722,val,1646,0,0
ISIC_0034731,val,1647,0,0
ISIC_0034741,val,1648,0,0
ISIC_0034742,val,1649,0,0
ISIC_0034745,val,1650,0,0
ISIC_0034752,val,1651,0,0
ISIC_0034757,val,1652,0,0
ISIC_0034780,val,1653,0,0
ISIC_0034791,val,1654,0,0
ISIC_0034795,val,1655,0,0
ISIC_0034801,val,1656,0,0
ISIC_0034806,val,1657,0,0
ISIC_0034816,val,1658,0,0
ISIC_0034829,val,1659,0,0
ISIC_0034831,val,1660,0,0
ISIC_0034834,val,1661,0,0
ISIC_0034845,val,1662,0,0
ISIC_0034847,val,1663,0,0
ISIC_0034851,val,1664,0,0
ISIC_0034852,val,1665,0,0
ISIC_0034855,val,1666,0,0
ISIC_0034856,val,1667,0,0
ISIC_0034866,val,1668,0,0
ISIC_0034897,val,1669,0,0
ISIC_0034901,val,1670,0,0
ISIC_0034913,val,1671,0,0
ISIC_0034922,val,1672,0,0
ISIC_0034940,val,1673,0,0
ISIC_0034944,val,1674,0,0
ISIC_0034945,val,1675,0,0
ISIC_0034947,val,1676,0,0
ISIC_0034956,val,1677,0,0
ISIC_0034967,val,1678,0,0
ISIC_0034991,val,1679,0,0
ISIC_0034992,val,1680,0,0
ISIC_0035002,val,1681,0,0
ISIC_0035022,val,1682,0,0
ISIC_0035024,val,1683,0,0
ISIC_0035027,val,1684,0,0
ISIC_0035061,val,1685,0,0
ISIC_0035080,val,1686,0,0
ISIC_0035085,val,1687,0,0
ISIC_0035087,val,1688,0,0
ISIC_0035092,val,1689,0,0
ISIC_0035100,val,1690,0,0
ISIC_0035102,val,1691,0,0
ISIC_0035105,val,1692,0,0
ISIC_0035108,val,1693,0,0
ISIC_0035111,val,1694,0,0
ISIC_0035113,val,1695,0,0
ISIC_0035114,val,1696,0,0
ISIC_0035126,val,1697,0,0
ISIC_0035132,val,1698,0,0
ISIC_0035138,val,1699,0,0
ISIC_0035152,val,1700,0,0
ISIC_0035156,val,1701,0,0
ISIC_0035165,val,1702,0,0
ISIC_0035170,val,1703,0,0
ISIC_0035189,val,1704,0,0
ISIC_0035198,val,1705,0,0
ISIC_0035201,val,1706,0,0
ISIC_0035209,val,1707,0,0
ISIC_0035211,val,1708,0,0
ISIC_0035213,val,1709,0,0
ISIC_0035217,val,1710,0,0
ISIC_0035220,val,1711,0,0
ISIC_0035233,val,1712,0,0
ISIC_0035236,val,1713,0,0
ISIC_0035241,val,1714,0,0
ISIC_0035242,val,1715,0,0
ISIC_0035257,val,1716,0,0
ISIC_0035260,val,1717,0,0
ISIC_0035265,val,1718,0,0
ISIC_0035281,val,1719,0,0
ISIC_0035290,val,1720,0,0
ISIC_0035300,val,1721,0,0
ISIC_0035303,val,1722,0,0
ISIC_0035311,val,1723,0,0
ISIC_0035324,val,1724,0,0
ISIC_0035346,val,1725,0,0
ISIC_0035347,val,1726,0,0
ISIC_0035379,val,1727,0,0
ISIC_0035381,val,1728,0,0
ISIC_0035385,val,1729,0,0
ISIC_0035407,val,1730,0,0
ISIC_0035423,val,1731,0,0
ISIC_0035425,val,1732,0,0
ISIC_0035431,val,1733,0,0
ISIC_0035444,val,1734,0,0
ISIC_0035445,val,1735,0,0
ISIC_0035447,val,1736,0,0
ISIC_0035453,val,1737,0,0
ISIC_0035455,val,1738,0,0
ISIC_0035458,val,1739,0,0
ISIC_0035481,val,1740,0,0
ISIC_0035488,val,1741,0,0
ISIC_0035491,val,1742,0,0
ISIC_0035520,val,1743,0,0
ISIC_0035528,val,1744,0,0
ISIC_0035530,val,1745,0,0
ISIC_0035539,val,1746,0,0
ISIC_0035540,val,1747,0,0
ISIC_0035541,val,1748,0,0
ISIC_0035546,val,1749,0,0
ISIC_0035551,val,1750,0,0
ISIC_0035559,val,1751,0,0
ISIC_0035560,val,1752,0,0
ISIC_0035565,val,1753,0,0
ISIC_0035566,val,1754,0,0
ISIC_0035581,val,1755,0,0
ISIC_0035596,val,1756,0,0
ISIC_0035600,val,1757,0,0
ISIC_0035601,val,1758,0,0
ISIC_0035604,val,1759,0,0
ISIC_0035615,val,1760,0,0
ISIC_0035638,val,1761,0,0
ISIC_0035639,val,1762,0,0
ISIC_0035654,val,1763,0,0
ISIC_0035668,val,1764,0,0
ISIC_0035671,val,1765,0,0
ISIC_0035689,val,1766,0,0
ISIC_0035704,val,1767,0,0
ISIC_0035706,val,1768,0,0
ISIC_0035707,val,1769,0,0
ISIC_0035717,val,1770,0,0
ISIC_0035725,val,1771,0,0
ISIC_0035731,val,1772,0,0
ISIC_0035773,val,1773,0,0
ISIC_0035774,val,1774,0,0
ISIC_0035780,val,1775,0,0
ISIC_0035781,val,1776,0,0
ISIC_0035782,val,1777,0,0
ISIC_0035784,val,1778,0,0
ISIC_0035795,val,1779,0,0
ISIC_0035798,val,1780,0,0
ISIC_0035804,val,1781,0,0
ISIC_0035806,val,1782,0,0
ISIC_0035813,val,1783,0,0
ISIC_0035828,val,1784,0,0
ISIC_0035838,val,1785,0,0
ISIC_0035849,val,1786,0,0
ISIC_0035859,val,1787,0,0
ISIC_0035872,val,1788,0,0
ISIC_0035896,val,1789,0,0
ISIC_0035898,val,1790,0,0
ISIC_0035921,val,1791,0,0
ISIC_0035939,val,1792,0,0
ISIC_0035943,val,1793,0,0
ISIC_0035948,val,1794,0,0
ISIC_0035958,val,1795,0,0
ISIC_0035961,val,1796,0,0
ISIC_0035974,val,1797,0,0
ISIC_0035975,val,1798,0,0
ISIC_0035981,val,1799,0,0
ISIC_0035991,val,1800,0,0
ISIC_0035994,val,1801,0,0
ISIC_0036033,val,1802,0,0
ISIC_0036044,val,1803,0,0
ISIC_0036046,val,1804,0,0
ISIC_0036048,val,1805,0,0
ISIC_0036049,val,1806,0,0
ISIC_0036061,val,1807,0,0
ISIC_0024331,val,1808,1,1
ISIC_0024345,val,1809,1,1
ISIC_0024454,val,1810,1,0
ISIC_0024590,val,1811,1,1
ISIC_0024885,val,1812,1,0
ISIC_0025031,val,1813,1,0
ISIC_0025260,val,1814,1,1
ISIC_0025383,val,1815,1,1
ISIC_0025564,val,1816,1,0
ISIC_0025630,val,1817,1,0
ISIC_0025731,val,1818,1,1
ISIC_0025932,val,1819,1,0
ISIC_0026074,val,1820,1,0
ISIC_0026118,val,1821,1,0
ISIC_0026324,val,1822,1,1
ISIC_0026343,val,1823,1,1
ISIC_0026453,val,1824,1,1
ISIC_0026528,val,1825,1,0
ISIC_0026643,val,1826,1,1
ISIC_0026687,val,1827,1,1
ISIC_0026829,val,1828,1,0
ISIC_0026845,val,1829,1,0
ISIC_0026865,val,1830,1,0
ISIC_0026902,val,1831,1,1
ISIC_0026940,val,1832,1,1
ISIC_0026988,val,1833,1,0
ISIC_0027090,val,1834,1,0
ISIC_0027093,val,1835,1,1
ISIC_0027117,val,1836,1,1
ISIC_0027175,val,1837,1,0
ISIC_0027189,val,1838,1,0
ISIC_0027425,val,1839,1,0
ISIC_0027433,val,1840,1,1
ISIC_0027545,val,1841,1,0
ISIC_0027595,val,1842,1,0
ISIC_0027704,val,1843,1,0
ISIC_0028095,val,1844,1,0
ISIC_0028303,val,1845,1,0
ISIC_0028419,val,1846,1,0
ISIC_0028556,val,1847,1,0
ISIC_0028568,val,1848,1,1
ISIC_0028577,val,1849,1,0
ISIC_0028671,val,1850,1,0
ISIC_0028677,val,1851,1,0
ISIC_0028719,val,1852,1,0
ISIC_0028815,val,1853,1,0
ISIC_0028818,val,1854,1,0
ISIC_0028928,val,1855,1,1
ISIC_0028980,val,1856,1,0
ISIC_0029035,val,1857,1,0
ISIC_0029129,val,1858,1,0
ISIC_0029201,val,1859,1,0
ISIC_0029230,val,1860,1,0
ISIC_0029278,val,1861,1,0
ISIC_0029323,val,1862,1,1
ISIC_0029466,val,1863,1,1
ISIC_0029524,val,1864,1,1
ISIC_0029644,val,1865,1,0
ISIC_0029745,val,1866,1,0
ISIC_0029779,val,1867,1,0
ISIC_0029820,val,1868,1,0
ISIC_0029951,val,1869,1,1
ISIC_0030138,val,1870,1,1
ISIC_0030181,val,1871,1,1
ISIC_0030249,val,1872,1,1
ISIC_0030314,val,1873,1,1
ISIC_0030339,val,1874,1,0
ISIC_0030352,val,1875,1,0
ISIC_0030446,val,1876,1,0
ISIC_0030659,val,1877,1,0
ISIC_0030690,val,1878,1,0
ISIC_0030778,val,1879,1,1
ISIC_0030782,val,1880,1,1
ISIC_0030964,val,1881,1,0
ISIC_0031166,val,1882,1,1
ISIC_0031171,val,1883,1,1
ISIC_0031175,val,1884,1,1
ISIC_0031272,val,1885,1,0
ISIC_0031318,val,1886,1,1
ISIC_0031400,val,1887,1,1
ISIC_0031413,val,1888,1,0
ISIC_0031526,val,1889,1,0
ISIC_0031569,val,1890,1,1
ISIC_0031640,val,1891,1,0
ISIC_0031698,val,1892,1,0
ISIC_0031712,val,1893,1,0
ISIC_0031749,val,1894,1,1
ISIC_0031762,val,1895,1,0
ISIC_0031789,val,1896,1,1
ISIC_0031971,val,1897,1,0
ISIC_0031986,val,1898,1,0
ISIC_0032146,val,1899,1,0
ISIC_0032164,val,1900,1,0
ISIC_0032302,val,1901,1,0
ISIC_0032307,val,1902,1,0
ISIC_0032415,val,1903,1,0
ISIC_0032497,val,1904,1,0
ISIC_0032660,val,1905,1,1
ISIC_0032799,val,1906,1,1
ISIC_0032808,val,1907,1,1
ISIC_0032850,val,1908,1,0
ISIC_0033146,val,1909,1,1
ISIC_0033271,val,1910,1,1
ISIC_0033301,val,1911,1,1
ISIC_0033372,val,1912,1,0
ISIC_0033571,val,1913,1,1
ISIC_0033666,val,1914,1,1
ISIC_0034223,val,1915,1,1
ISIC_0034333,val,1916,0,0
ISIC_0034486,val,1917,0,0
ISIC_0034612,val,1918,0,0
ISIC_0034679,val,1919,0,0
ISIC_0034759,val,1920,0,0
ISIC_0034888,val,1921,0,0
ISIC_0034960,val,1922,0,0
ISIC_0034966,val,1923,0,0
ISIC_0034995,val,1924,0,0
ISIC_0035041,val,1925,0,0
ISIC_0035202,val,1926,0,0
ISIC_0035310,val,1927,0,0
ISIC_0035389,val,1928,0,0
ISIC_0035585,val,1929,0,0
ISIC_0035761,val,1930,0,0
ISIC_0035876,val,1931,0,0
ISIC_0024329,val,1932,1,0
ISIC_0024468,val,1933,1,1
ISIC_0024925,val,1934,1,0
ISIC_0025029,val,1935,1,0
ISIC_0025069,val,1936,1,0
ISIC_0025089,val,1937,1,0
ISIC_0025182,val,1938,1,0
ISIC_0025196,val,1939,1,0
ISIC_0025577,val,1940,1,0
ISIC_0025605,val,1941,1,1
ISIC_0025831,val,1942,1,1
ISIC_0026149,val,1943,1,1
ISIC_0026152,val,1944,1,0
ISIC_0026178,val,1945,1,1
ISIC_0026206,val,1946,1,1
ISIC_0026319,val,1947,1,0
ISIC_0026327,val,1948,1,0
ISIC_0026388,val,1949,1,0
ISIC_0027178,val,1950,1,0
ISIC_0027452,val,1951,1,0
ISIC_0027615,val,1952,1,1
ISIC_0027668,val,1953,1,0
ISIC_0027678,val,1954,1,0
ISIC_0027767,val,1955,1,0
ISIC_0027829,val,1956,1,1
ISIC_0027884,val,1957,1,1
ISIC_0028619,val,1958,1,1
ISIC_0028644,val,1959,1,0
ISIC_0028763,val,1960,1,0
ISIC_0028816,val,1961,1,0
ISIC_0029315,val,1962,1,0
ISIC_0029533,val,1963,1,1
ISIC_0029563,val,1964,1,1
ISIC_0029567,val,1965,1,1
ISIC_0029573,val,1966,1,0
ISIC_0029638,val,1967,1,0
ISIC_0029713,val,1968,1,0
ISIC_0029715,val,1969,1,0
ISIC_0030133,val,1970,1,0
ISIC_0030158,val,1971,1,1
ISIC_0030191,val,1972,1,0
ISIC_0030245,val,1973,1,0
ISIC_0030463,val,1974,1,0
ISIC_0030491,val,1975,1,1
ISIC_0030549,val,1976,1,0
ISIC_0030591,val,1977,1,0
ISIC_0030844,val,1978,1,0
ISIC_0030877,val,1979,1,1
ISIC_0030953,val,1980,1,0
ISIC_0030986,val,1981,1,0
ISIC_0030991,val,1982,1,0
ISIC_0031044,val,1983,1,0
ISIC_0031431,val,1984,1,0
ISIC_0031852,val,1985,1,0
ISIC_0031874,val,1986,1,0
ISIC_0031918,val,1987,1,0
ISIC_0031927,val,1988,1,0
ISIC_0031993,val,1989,1,1
ISIC_0032135,val,1990,1,0
ISIC_0032422,val,1991,1,1
ISIC_0032897,val,1992,1,0
ISIC_0033084,val,1993,1,0
ISIC_0033550,val,1994,1,0
ISIC_0033705,val,1995,1,0
ISIC_0034898,val,1996,0,0
ISIC_0034906,val,1997,0,0
ISIC_0035001,val,1998,0,0
ISIC_0035029,val,1999,0,0
ISIC_0035119,val,2000,0,0
ISIC_0035317,val,2001,0,0
ISIC_0035348,val,2002,0,0
ISIC_0035376,val,2003,0,0
ISIC_0035626,val,2004,0,0
ISIC_0035642,val,2005,0,0
ISIC_0035691,val,2006,0,0
ISIC_0024371,val,2007,1,0
ISIC_0024426,val,2008,1,1
ISIC_0024498,val,2009,1,0
ISIC_0024581,val,2010,1,0
ISIC_0024711,val,2011,1,0
ISIC_0024772,val,2012,1,1
ISIC_0024773,val,2013,1,0
ISIC_0024850,val,2014,1,0
ISIC_0024851,val,2015,1,0
ISIC_0024880,val,2016,1,1
ISIC_0024883,val,2017,1,1
ISIC_0024910,val,2018,1,0
ISIC_0025030,val,2019,1,1
ISIC_0025063,val,2020,1,0
ISIC_0025083,val,2021,1,0
ISIC_0025099,val,2022,1,1
ISIC_0025113,val,2023,1,1
ISIC_0025131,val,2024,1,0
ISIC_0025157,val,2025,1,1
ISIC_0025199,val,2026,1,1
ISIC_0025275,val,2027,1,1
ISIC_0025297,val,2028,1,1
ISIC_0025326,val,2029,1,0
ISIC_0025345,val,2030,1,1
ISIC_0025351,val,2031,1,0
ISIC_0025389,val,2032,1,0
ISIC_0025392,val,2033,1,0
ISIC_0025484,val,2034,1,0
ISIC_0025485,val,2035,1,0
ISIC_0025583,val,2036,1,0
ISIC_0025623,val,2037,1,0
ISIC_0025642,val,2038,1,0
ISIC_0025710,val,2039,1,1
ISIC_0025719,val,2040,1,0
ISIC_0025874,val,2041,1,0
ISIC_0025939,val,2042,1,0
ISIC_0026060,val,2043,1,0
ISIC_0026072,val,2044,1,0
ISIC_0026085,val,2045,1,1
ISIC_0026262,val,2046,1,0
ISIC_0026273,val,2047,1,0
ISIC_0026291,val,2048,1,0
ISIC_0026311,val,2049,1,0
ISIC_0026335,val,2050,1,1
ISIC_0026365,val,2051,1,0
ISIC_0026481,val,2052,1,1
ISIC_0026530,val,2053,1,1
ISIC_0026566,val,2054,1,0
ISIC_0026567,val,2055,1,0
ISIC_0026607,val,2056,1,0
ISIC_0026679,val,2057,1,0
ISIC_0026714,val,2058,1,1
ISIC_0026744,val,2059,1,0
ISIC_0026787,val,2060,1,0
ISIC_0026794,val,2061,1,0
ISIC_0026827,val,2062,1,0
ISIC_0026871,val,2063,1,0
ISIC_0026947,val,2064,1,1
ISIC_0026955,val,2065,1,0
ISIC_0027017,val,2066,1,0
ISIC_0027068,val,2067,1,0
ISIC_0027083,val,2068,1,0
ISIC_0027218,val,2069,1,0
ISIC_0027219,val,2070,1,0
ISIC_0027287,val,2071,1,1
ISIC_0027367,val,2072,1,0
ISIC_0027374,val,2073,1,0
ISIC_0027463,val,2074,1,1
ISIC_0027504,val,2075,1,0
ISIC_0027533,val,2076,1,1
ISIC_0027608,val,2077,1,0
ISIC_0027706,val,2078,1,0
ISIC_0027713,val,2079,1,0
ISIC_0027739,val,2080,1,0
ISIC_0027754,val,2081,1,0
ISIC_0027770,val,2082,1,0
ISIC_0027781,val,2083,1,0
ISIC_0027967,val,2084,1,1
ISIC_0027973,val,2085,1,1
ISIC_0028094,val,2086,1,1
ISIC_0028120,val,2087,1,0
ISIC_0028121,val,2088,1,0
ISIC_0028123,val,2089,1,1
ISIC_0028200,val,2090,1,0
ISIC_0028209,val,2091,1,0
ISIC_0028229,val,2092,1,0
ISIC_0028233,val,2093,1,0
ISIC_0028237,val,2094,1,1
ISIC_0028254,val,2095,1,0
ISIC_0028264,val,2096,1,1
ISIC_0028294,val,2097,1,1
ISIC_0028309,val,2098,1,1
ISIC_0028336,val,2099,1,0
ISIC_0028414,val,2100,1,1
ISIC_0028479,val,2101,1,0
ISIC_0028511,val,2102,1,1
ISIC_0028587,val,2103,1,0
ISIC_0028640,val,2104,1,0
ISIC_0028701,val,2105,1,1
ISIC_0028749,val,2106,1,1
ISIC_0028856,val,2107,1,0
ISIC_0028920,val,2108,1,0
ISIC_0029012,val,2109,1,0
ISIC_0029022,val,2110,1,0
ISIC_0029031,val,2111,1,0
ISIC_0029060,val,2112,1,1
ISIC_0029102,val,2113,1,1
ISIC_0029126,val,2114,1,1
ISIC_0029166,val,2115,1,1
ISIC_0029235,val,2116,1,0
ISIC_0029291,val,2117,1,1
ISIC_0029308,val,2118,1,0
ISIC_0029345,val,2119,1,0
ISIC_0029358,val,2120,1,1
ISIC_0029394,val,2121,1,0
ISIC_0029406,val,2122,1,0
ISIC_0029413,val,2123,1,1
ISIC_0029519,val,2124,1,0
ISIC_0029548,val,2125,1,1
ISIC_0029588,val,2126,1,1
ISIC_0029603,val,2127,1,1
ISIC_0029674,val,2128,1,0
ISIC_0029682,val,2129,1,1
ISIC_0029741,val,2130,1,0
ISIC_0029789,val,2131,1,0
ISIC_0029801,val,2132,1,0
ISIC_0029802,val,2133,1,0
ISIC_0029841,val,2134,1,0
ISIC_0029849,val,2135,1,0
ISIC_0029947,val,2136,1,1
ISIC_0030188,val,2137,1,0
ISIC_0030240,val,2138,1,0
ISIC_0030276,val,2139,1,0
ISIC_0030318,val,2140,1,1
ISIC_0030319,val,2141,1,0
ISIC_0030329,val,2142,1,0
ISIC_0030377,val,2143,1,0
ISIC_0030394,val,2144,1,1
ISIC_0030458,val,2145,1,0
ISIC_0030533,val,2146,1,0
ISIC_0030661,val,2147,1,1
ISIC_0030677,val,2148,1,1
ISIC_0030723,val,2149,1,0
ISIC_0030806,val,2150,1,1
ISIC_0030812,val,2151,1,0
ISIC_0030988,val,2152,1,0
ISIC_0031050,val,2153,1,0
ISIC_0031088,val,2154,1,0
ISIC_0031130,val,2155,1,0
ISIC_0031196,val,2156,1,0
ISIC_0031223,val,2157,1,0
ISIC_0031253,val,2158,1,0
ISIC_0031261,val,2159,1,0
ISIC_0031289,val,2160,1,1
ISIC_0031321,val,2161,1,1
ISIC_0031326,val,2162,1,0
ISIC_0031349,val,2163,1,1
ISIC_0031584,val,2164,1,0
ISIC_0031591,val,2165,1,0
ISIC_0031624,val,2166,1,1
ISIC_0031677,val,2167,1,0
ISIC_0031716,val,2168,1,0
ISIC_0031766,val,2169,1,1
ISIC_0031783,val,2170,1,1
ISIC_0031876,val,2171,1,1
ISIC_0031937,val,2172,1,0
ISIC_0031961,val,2173,1,0
ISIC_0031989,val,2174,1,0
ISIC_0032063,val,2175,1,0
ISIC_0032113,val,2176,1,0
ISIC_0032159,val,2177,1,1
ISIC_0032235,val,2178,1,0
ISIC_0032271,val,2179,1,0
ISIC_0032315,val,2180,1,0
ISIC_0032358,val,2181,1,1
ISIC_0032445,val,2182,1,0
ISIC_0032456,val,2183,1,0
ISIC_0032508,val,2184,1,1
ISIC_0032556,val,2185,1,1
ISIC_0032570,val,2186,1,0
ISIC_0032636,val,2187,1,1
ISIC_0032681,val,2188,1,1
ISIC_0032688,val,2189,1,0
ISIC_0032756,val,2190,1,1
ISIC_0032763,val,2191,1,1
ISIC_0032776,val,2192,1,1
ISIC_0032804,val,2193,1,1
ISIC_0032829,val,2194,1,1
ISIC_0032863,val,2195,1,1
ISIC_0032876,val,2196,1,1
ISIC_0032929,val,2197,1,1
ISIC_0033185,val,2198,1,1
ISIC_0033199,val,2199,1,1
ISIC_0033260,val,2200,1,1
ISIC_0033262,val,2201,1,1
ISIC_0033397,val,2202,1,1
ISIC_0033553,val,2203,1,1
ISIC_0033576,val,2204,1,0
ISIC_0033582,val,2205,1,0
ISIC_0033583,val,2206,1,0
ISIC_0033592,val,2207,1,0
ISIC_0033606,val,2208,1,1
ISIC_0033660,val,2209,1,1
ISIC_0033677,val,2210,1,1
ISIC_0033691,val,2211,1,1
ISIC_0033709,val,2212,1,1
ISIC_0033761,val,2213,1,1
ISIC_0033854,val,2214,1,0
ISIC_0033855,val,2215,1,0
ISIC_0033868,val,2216,1,1
ISIC_0033884,val,2217,1,0
ISIC_0033924,val,2218,1,1
ISIC_0033949,val,2219,1,1
ISIC_0034031,val,2220,1,1
ISIC_0034125,val,2221,1,0
ISIC_0034186,val,2222,1,0
ISIC_0034259,val,2223,1,1
ISIC_0034296,val,2224,1,1
ISIC_0034387,val,2225,0,0
ISIC_0034460,val,2226,0,0
ISIC_0034500,val,2227,0,0
ISIC_0034578,val,2228,0,0
ISIC_0034614,val,2229,0,0
ISIC_0034646,val,2230,0,0
ISIC_0034656,val,2231,0,0
ISIC_0034694,val,2232,0,0
ISIC_0034710,val,2233,0,0
ISIC_0034746,val,2234,0,0
ISIC_0034782,val,2235,0,0
ISIC_0034794,val,2236,0,0
ISIC_0034802,val,2237,0,0
ISIC_0034914,val,2238,0,0
ISIC_0034930,val,2239,0,0
ISIC_0034931,val,2240,0,0
ISIC_0035004,val,2241,0,0
ISIC_0035028,val,2242,0,0
ISIC_0035032,val,2243,0,0
ISIC_0035040,val,2244,0,0
ISIC_0035057,val,2245,0,0
ISIC_0035125,val,2246,0,0
ISIC_0035136,val,2247,0,0
ISIC_0035190,val,2248,0,0
ISIC_0035340,val,2249,0,0
ISIC_0035388,val,2250,0,0
ISIC_0035466,val,2251,0,0
ISIC_0035471,val,2252,0,0
ISIC_0035472,val,2253,0,0
ISIC_0035487,val,2254,0,0
ISIC_0035504,val,2255,0,0
ISIC_0035556,val,2256,0,0
ISIC_0035564,val,2257,0,0
ISIC_0035584,val,2258,0,0
ISIC_0035590,val,2259,0,0
ISIC_0035593,val,2260,0,0
ISIC_0035607,val,2261,0,0
ISIC_0035715,val,2262,0,0
ISIC_0035730,val,2263,0,0
ISIC_0035741,val,2264,0,0
ISIC_0035751,val,2265,0,0
ISIC_0035763,val,2266,0,0
ISIC_0035833,val,2267,0,0
ISIC_0035847,val,2268,0,0
ISIC_0035873,val,2269,0,0
ISIC_0035878,val,2270,0,0
ISIC_0035908,val,2271,0,0
ISIC_0036008,val,2272,0,0
ISIC_0036050,val,2273,0,0
ISIC_0026417,val,2274,1,1
ISIC_0026473,val,2275,1,1
ISIC_0027107,val,2276,1,1
ISIC_0027141,val,2277,1,0
ISIC_0027488,val,2278,1,1
ISIC_0027648,val,2279,1,1
ISIC_0028651,val,2280,1,0
ISIC_0029962,val,2281,1,0
ISIC_0030427,val,2282,1,1
ISIC_0030555,val,2283,1,1
ISIC_0031123,val,2284,1,1
ISIC_0031344,val,2285,1,0
ISIC_0031443,val,2286,1,1
ISIC_0031457,val,2287,1,0
ISIC_0031735,val,2288,1,1
ISIC_0031827,val,2289,1,1
ISIC_0032138,val,2290,1,0
ISIC_0032941,val,2291,1,0
ISIC_0033554,val,2292,1,0
ISIC_0033675,val,2293,1,0
ISIC_0033810,val,2294,1,0
ISIC_0033847,val,2295,1,1
ISIC_0033860,val,2296,1,1
ISIC_0034169,val,2297,1,0
ISIC_0035012,val,2298,0,0
ISIC_0035147,val,2299,0,0
ISIC_0035259,val,2300,0,0
ISIC_0035552,val,2301,0,0
ISIC_0035650,val,2302,0,0
ISIC_0035695,val,2303,0,0
ISIC_0035904,val,2304,0,0
ISIC_0036007,val,2305,0,0
ISIC_0024375,val,2306,1,0
ISIC_0024662,val,2307,1,0
ISIC_0025197,val,2308,1,0
ISIC_0025244,val,2309,1,0
ISIC_0025425,val,2310,1,0
ISIC_0025606,val,2311,1,0
ISIC_0025807,val,2312,1,0
ISIC_0026693,val,2313,1,1
ISIC_0027903,val,2314,1,0
ISIC_0027937,val,2315,1,0
ISIC_0029099,val,2316,1,0
ISIC_0029514,val,2317,1,1
ISIC_0029742,val,2318,1,0
ISIC_0029889,val,2319,1,0
ISIC_0030770,val,2320,1,1
ISIC_0031719,val,2321,1,1
ISIC_0031955,val,2322,1,0
ISIC_0032545,val,2323,1,1
ISIC_0032775,val,2324,1,1
ISIC_0033254,val,2325,1,1
ISIC_0033591,val,2326,1,1
ISIC_0033608,val,2327,1,0
ISIC_0033762,val,2328,1,1
ISIC_0033817,val,2329,1,0
ISIC_0033969,val,2330,1,0
ISIC_0034214,val,2331,1,1
ISIC_0034455,val,2332,0,0
ISIC_0034608,val,2333,0,0
ISIC_0034734,val,2334,0,0
ISIC_0034739,val,2335,0,0
ISIC_0034911,val,2336,0,0
ISIC_0034937,val,2337,0,0
ISIC_0035724,val,2338,0,0
ISIC_0035737,val,2339,0,0
ISIC_0035814,val,2340,0,0
ISIC_0035905,val,2341,0,0
ISIC_0024367,test,0,1,1
ISIC_0024400,test,1,1,0
ISIC_0024496,test,2,1,1
ISIC_0024624,test,3,1,0
ISIC_0024652,test,4,1,0
ISIC_0024688,test,5,1,1
ISIC_0024700,test,6,1,1
ISIC_0024823,test,7,1,1
ISIC_0024864,test,8,1,0
ISIC_0024972,test,9,1,1
ISIC_0024987,test,10,1,1
ISIC_0025035,test,11,1,0
ISIC_0025188,test,12,1,1
ISIC_0025303,test,13,1,1
ISIC_0025316,test,14,1,0
ISIC_0025317,test,15,1,1
ISIC_0025391,test,16,1,1
ISIC_0025413,test,17,1,1
ISIC_0025489,test,18,1,1
ISIC_0025550,test,19,1,1
ISIC_0025589,test,20,1,1
ISIC_0025611,test,21,1,0
ISIC_0025708,test,22,1,0
ISIC_0025709,test,23,1,0
ISIC_0025732,test,24,1,0
ISIC_0025744,test,25,1,1
ISIC_0025755,test,26,1,0
ISIC_0025835,test,27,1,1
ISIC_0025941,test,28,1,1
ISIC_0026081,test,29,1,1
ISIC_0026158,test,30,1,0
ISIC_0026188,test,31,1,0
ISIC_0026236,test,32,1,1
ISIC_0026258,test,33,1,1
ISIC_0026430,test,34,1,0
ISIC_0026545,test,35,1,1
ISIC_0026586,test,36,1,0
ISIC_0026664,test,37,1,1
ISIC_0026745,test,38,1,1
ISIC_0026796,test,39,1,0
ISIC_0027033,test,40,1,0
ISIC_0027060,test,41,1,1
ISIC_0027089,test,42,1,1
ISIC_0027101,test,43,1,1
ISIC_0027105,test,44,1,1
ISIC_0027261,test,45,1,0
ISIC_0027352,test,46,1,1
ISIC_0027387,test,47,1,1
ISIC_0027402,test,48,1,0
ISIC_0027407,test,49,1,1
ISIC_0027442,test,50,1,1
ISIC_0027573,test,51,1,1
ISIC_0027590,test,52,1,1
ISIC_0027659,test,53,1,1
ISIC_0027669,test,54,1,1
ISIC_0027822,test,55,1,0
ISIC_0027832,test,56,1,1
ISIC_0027964,test,57,1,1
ISIC_0028026,test,58,1,1
ISIC_0028086,test,59,1,1
ISIC_0028173,test,60,1,0
ISIC_0028418,test,61,1,0
ISIC_0028442,test,62,1,0
ISIC_0028481,test,63,1,1
ISIC_0028505,test,64,1,0
ISIC_0028565,test,65,1,1
ISIC_0028579,test,66,1,1
ISIC_0028642,test,67,1,1
ISIC_0028696,test,68,1,1
ISIC_0028709,test,69,1,0
ISIC_0028760,test,70,1,0
ISIC_0028764,test,71,1,1
ISIC_0028878,test,72,1,0
ISIC_0029033,test,73,1,0
ISIC_0029081,test,74,1,1
ISIC_0029092,test,75,1,0
ISIC_0029146,test,76,1,0
ISIC_0029163,test,77,1,1
ISIC_0029216,test,78,1,1
ISIC_0029272,test,79,1,1
ISIC_0029453,test,80,1,1
ISIC_0029473,test,81,1,1
ISIC_0029480,test,82,1,1
ISIC_0029495,test,83,1,1
ISIC_0029538,test,84,1,1
ISIC_0029547,test,85,1,1
ISIC_0029570,test,86,1,0
ISIC_0029606,test,87,1,1
ISIC_0029726,test,88,1,0
ISIC_0029885,test,89,1,1
ISIC_0029913,test,90,1,1
ISIC_0029914,test,91,1,0
ISIC_0029937,test,92,1,0
ISIC_0030031,test,93,1,1
ISIC_0030034,test,94,1,0
ISIC_0030047,test,95,1,1
ISIC_0030083,test,96,1,1
ISIC_0030089,test,97,1,1
ISIC_0030119,test,98,1,1
ISIC_0030165,test,99,1,1
ISIC_0030183,test,100,1,0
ISIC_0030360,test,101,1,0
ISIC_0030366,test,102,1,0
ISIC_0030417,test,103,1,0
ISIC_0030512,test,104,1,0
ISIC_0030521,test,105,1,1
ISIC_0030695,test,106,1,1
ISIC_0030756,test,107,1,1
ISIC_0030925,test,108,1,1
ISIC_0030929,test,109,1,0
ISIC_0031170,test,110,1,0
ISIC_0031295,test,111,1,1
ISIC_0031368,test,112,1,1
ISIC_0031498,test,113,1,0
ISIC_0031554,test,114,1,1
ISIC_0031565,test,115,1,0
ISIC_0031586,test,116,1,1
ISIC_0031666,test,117,1,1
ISIC_0031709,test,118,1,1
ISIC_0031784,test,119,1,1
ISIC_0031844,test,120,1,1
ISIC_0031931,test,121,1,0
ISIC_0031958,test,122,1,1
ISIC_0032081,test,123,1,1
ISIC_0032095,test,124,1,1
ISIC_0032110,test,125,1,1
ISIC_0032134,test,126,1,1
ISIC_0032152,test,127,1,1
ISIC_0032192,test,128,1,0
ISIC_0032245,test,129,1,1
ISIC_0032269,test,130,1,1
ISIC_0032287,test,131,1,1
ISIC_0032389,test,132,1,0
ISIC_0032441,test,133,1,1
ISIC_0032535,test,134,1,1
ISIC_0032547,test,135,1,1
ISIC_0032564,test,136,1,1
ISIC_0032662,test,137,1,1
ISIC_0032672,test,138,1,1
ISIC_0032690,test,139,1,1
ISIC_0032733,test,140,1,1
ISIC_0032790,test,141,1,1
ISIC_0032823,test,142,1,1
ISIC_0032833,test,143,1,1
ISIC_0032841,test,144,1,0
ISIC_0032844,test,145,1,1
ISIC_0032847,test,146,1,1
ISIC_0032856,test,147,1,1
ISIC_0032870,test,148,1,0
ISIC_0032875,test,149,1,1
ISIC_0032879,test,150,1,1
ISIC_0032892,test,151,1,0
ISIC_0032913,test,152,1,1
ISIC_0032940,test,153,1,0
ISIC_0032981,test,154,1,1
ISIC_0032993,test,155,1,1
ISIC_0033017,test,156,1,1
ISIC_0033042,test,157,1,0
ISIC_0033051,test,158,1,1
ISIC_0033081,test,159,1,1
ISIC_0033120,test,160,1,1
ISIC_0033122,test,161,1,0
ISIC_0033174,test,162,1,1
ISIC_0033175,test,163,1,1
ISIC_0033178,test,164,1,1
ISIC_0033186,test,165,1,0
ISIC_0033192,test,166,1,1
ISIC_0033193,test,167,1,1
ISIC_0033196,test,168,1,1
ISIC_0033216,test,169,1,1
ISIC_0033226,test,170,1,1
ISIC_0033258,test,171,1,1
ISIC_0033261,test,172,1,1
ISIC_0033275,test,173,1,0
ISIC_0033278,test,174,1,1
ISIC_0033387,test,175,1,1
ISIC_0033415,test,176,1,1
ISIC_0033440,test,177,1,0
ISIC_0033452,test,178,1,1
ISIC_0033473,test,179,1,1
ISIC_0033479,test,180,1,1
ISIC_0033520,test,181,1,1
ISIC_0033526,test,182,1,1
ISIC_0033545,test,183,1,1
ISIC_0033573,test,184,1,1
ISIC_0033593,test,185,1,1
ISIC_0033595,test,186,1,1
ISIC_0033616,test,187,1,1
ISIC_0033619,test,188,1,1
ISIC_0033651,test,189,1,1
ISIC_0033655,test,190,1,1
ISIC_0033663,test,191,1,1
ISIC_0033678,test,192,1,1
ISIC_0033713,test,193,1,0
ISIC_0033725,test,194,1,1
ISIC_0033728,test,195,1,0
ISIC_0033730,test,196,1,1
ISIC_0033856,test,197,1,0
ISIC_0033911,test,198,1,1
ISIC_0033938,test,199,1,0
ISIC_0033977,test,200,1,1
ISIC_0033981,test,201,1,1
ISIC_0033999,test,202,1,0
ISIC_0034046,test,203,1,1
ISIC_0034052,test,204,1,1
ISIC_0034059,test,205,1,1
ISIC_0034065,test,206,1,1
ISIC_0034085,test,207,1,1
ISIC_0034100,test,208,1,1
ISIC_0034104,test,209,1,1
ISIC_0034134,test,210,1,1
ISIC_0034141,test,211,1,1
ISIC_0034170,test,212,1,1
ISIC_0034173,test,213,1,1
ISIC_0034183,test,214,1,1
ISIC_0034188,test,215,1,1
ISIC_0034208,test,216,1,1
ISIC_0034211,test,217,1,1
ISIC_0034246,test,218,1,1
ISIC_0034253,test,219,1,1
ISIC_0034256,test,220,1,1
ISIC_0034269,test,221,1,1
ISIC_0034275,test,222,1,0
ISIC_0034289,test,223,1,1
ISIC_0034354,test,224,0,0
ISIC_0034398,test,225,0,0
ISIC_0034438,test,226,0,0
ISIC_0034457,test,227,0,0
ISIC_0034572,test,228,0,0
ISIC_0034584,test,229,0,0
ISIC_0034638,test,230,0,0
ISIC_0034771,test,231,0,0
ISIC_0034784,test,232,0,0
ISIC_0034873,test,233,0,0
ISIC_0034882,test,234,0,0
ISIC_0034957,test,235,0,0
ISIC_0034958,test,236,0,0
ISIC_0035089,test,237,0,0
ISIC_0035207,test,238,0,0
ISIC_0035224,test,239,0,0
ISIC_0035232,test,240,0,0
ISIC_0035263,test,241,0,0
ISIC_0035351,test,242,0,0
ISIC_0035393,test,243,0,0
ISIC_0035486,test,244,0,0
ISIC_0035670,test,245,0,0
ISIC_0035696,test,246,0,0
ISIC_0035700,test,247,0,0
ISIC_0035719,test,248,0,0
ISIC_0035748,test,249,0,0
ISIC_0035756,test,250,0,0
ISIC_0035767,test,251,0,0
ISIC_0035826,test,252,0,0
ISIC_0035846,test,253,0,0
ISIC_0035853,test,254,0,0
ISIC_0035887,test,255,0,0
ISIC_0035894,test,256,0,0
ISIC_0035964,test,257,0,0
ISIC_0035992,test,258,0,0
ISIC_0035997,test,259,0,0
ISIC_0036029,test,260,0,0
ISIC_0024307,test,261,1,0
ISIC_0024314,test,262,1,1
ISIC_0024321,test,263,1,0
ISIC_0024327,test,264,1,0
ISIC_0024335,test,265,1,0
ISIC_0024343,test,266,1,1
ISIC_0024354,test,267,1,0
ISIC_0024356,test,268,1,1
ISIC_0024359,test,269,1,0
ISIC_0024363,test,270,1,0
ISIC_0024376,test,271,1,0
ISIC_0024394,test,272,1,1
ISIC_0024407,test,273,1,0
ISIC_0024415,test,274,1,0
ISIC_0024421,test,275,1,0
ISIC_0024425,test,276,1,0
ISIC_0024447,test,277,1,0
ISIC_0024455,test,278,1,0
ISIC_0024458,test,279,1,0
ISIC_0024465,test,280,1,0
ISIC_0024469,test,281,1,0
ISIC_0024474,test,282,1,0
ISIC_0024487,test,283,1,0
ISIC_0024531,test,284,1,0
ISIC_0024532,test,285,1,0
ISIC_0024544,test,286,1,0
ISIC_0024551,test,287,1,0
ISIC_0024556,test,288,1,0
ISIC_0024558,test,289,1,0
ISIC_0024559,test,290,1,0
ISIC_0024560,test,291,1,1
ISIC_0024580,test,292,1,0
ISIC_0024583,test,293,1,0
ISIC_0024617,test,294,1,0
ISIC_0024618,test,295,1,1
ISIC_0024620,test,296,1,1
ISIC_0024625,test,297,1,0
ISIC_0024642,test,298,1,1
ISIC_0024655,test,299,1,0
ISIC_0024660,test,300,1,0
ISIC_0024661,test,301,1,0
ISIC_0024667,test,302,1,0
ISIC_0024668,test,303,1,0
ISIC_0024683,test,304,1,1
ISIC_0024686,test,305,1,0
ISIC_0024687,test,306,1,0
ISIC_0024699,test,307,1,0
ISIC_0024703,test,308,1,0
ISIC_0024715,test,309,1,0
ISIC_0024718,test,310,1,1
ISIC_0024730,test,311,1,1
ISIC_0024731,test,312,1,0
ISIC_0024738,test,313,1,0
ISIC_0024746,test,314,1,0
ISIC_0024766,test,315,1,0
ISIC_0024775,test,316,1,0
ISIC_0024776,test,317,1,0
ISIC_0024784,test,318,1,1
ISIC_0024791,test,319,1,0
ISIC_0024793,test,320,1,1
ISIC_0024798,test,321,1,1
ISIC_0024803,test,322,1,0
ISIC_0024807,test,323,1,0
ISIC_0024827,test,324,1,0
ISIC_0024852,test,325,1,0
ISIC_0024862,test,326,1,0
ISIC_0024863,test,327,1,0
ISIC_0024866,test,328,1,0
ISIC_0024872,test,329,1,0
ISIC_0024878,test,330,1,0
ISIC_0024892,test,331,1,0
ISIC_0024895,test,332,1,0
ISIC_0024896,test,333,1,0
ISIC_0024901,test,334,1,0
ISIC_0024902,test,335,1,1
ISIC_0024906,test,336,1,1
ISIC_0024908,test,337,1,1
ISIC_0024916,test,338,1,1
ISIC_0024921,test,339,1,0
ISIC_0024924,test,340,1,1
ISIC_0024927,test,341,1,0
ISIC_0024933,test,342,1,1
ISIC_0024960,test,343,1,0
ISIC_0024966,test,344,1,0
ISIC_0024968,test,345,1,0
ISIC_0024969,test,346,1,1
ISIC_0024975,test,347,1,1
ISIC_0024977,test,348,1,0
ISIC_0024979,test,349,1,0
ISIC_0024980,test,350,1,0
ISIC_0024996,test,351,1,0
ISIC_0025000,test,352,1,0
ISIC_0025003,test,353,1,0
ISIC_0025006,test,354,1,0
ISIC_0025013,test,355,1,0
ISIC_0025017,test,356,1,0
ISIC_0025023,test,357,1,0
ISIC_0025024,test,358,1,0
ISIC_0025037,test,359,1,0
ISIC_0025052,test,360,1,0
ISIC_0025057,test,361,1,0
ISIC_0025058,test,362,1,0
ISIC_0025061,test,363,1,0
ISIC_0025078,test,364,1,1
ISIC_0025084,test,365,1,0
ISIC_0025093,test,366,1,0
ISIC_0025101,test,367,1,1
ISIC_0025107,test,368,1,0
ISIC_0025119,test,369,1,0
ISIC_0025129,test,370,1,1
ISIC_0025135,test,371,1,0
ISIC_0025168,test,372,1,0
ISIC_0025181,test,373,1,0
ISIC_0025185,test,374,1,0
ISIC_0025192,test,375,1,0
ISIC_0025200,test,376,1,0
ISIC_0025203,test,377,1,0
ISIC_0025206,test,378,1,0
ISIC_0025207,test,379,1,0
ISIC_0025236,test,380,1,0
ISIC_0025241,test,381,1,0
ISIC_0025246,test,382,1,0
ISIC_0025251,test,383,1,0
ISIC_0025272,test,384,1,0
ISIC_0025284,test,385,1,0
ISIC_0025309,test,386,1,1
ISIC_0025335,test,387,1,1
ISIC_0025348,test,388,1,0
ISIC_0025355,test,389,1,1
ISIC_0025356,test,390,1,0
ISIC_0025360,test,391,1,0
ISIC_0025369,test,392,1,0
ISIC_0025372,test,393,1,1
ISIC_0025377,test,394,1,0
ISIC_0025385,test,395,1,0
ISIC_0025390,test,396,1,0
ISIC_0025393,test,397,1,0
ISIC_0025398,test,398,1,0
ISIC_0025400,test,399,1,1
ISIC_0025401,test,400,1,0
ISIC_0025407,test,401,1,0
ISIC_0025421,test,402,1,1
ISIC_0025422,test,403,1,1
ISIC_0025441,test,404,1,0
ISIC_0025444,test,405,1,0
ISIC_0025446,test,406,1,1
ISIC_0025455,test,407,1,0
ISIC_0025462,test,408,1,0
ISIC_0025464,test,409,1,0
ISIC_0025474,test,410,1,0
ISIC_0025475,test,411,1,0
ISIC_0025480,test,412,1,0
ISIC_0025496,test,413,1,0
ISIC_0025499,test,414,1,1
ISIC_0025511,test,415,1,1
ISIC_0025516,test,416,1,1
ISIC_0025517,test,417,1,1
ISIC_0025523,test,418,1,0
ISIC_0025532,test,419,1,0
ISIC_0025533,test,420,1,1
ISIC_0025534,test,421,1,1
ISIC_0025535,test,422,1,0
ISIC_0025544,test,423,1,0
ISIC_0025545,test,424,1,1
ISIC_0025551,test,425,1,0
ISIC_0025558,test,426,1,0
ISIC_0025560,test,427,1,0
ISIC_0025568,test,428,1,1
ISIC_0025574,test,429,1,0
ISIC_0025580,test,430,1,0
ISIC_0025586,test,431,1,0
ISIC_0025595,test,432,1,0
ISIC_0025602,test,433,1,0
ISIC_0025633,test,434,1,0
ISIC_0025638,test,435,1,1
ISIC_0025657,test,436,1,0
ISIC_0025664,test,437,1,0
ISIC_0025665,test,438,1,1
ISIC_0025672,test,439,1,1
ISIC_0025673,test,440,1,0
ISIC_0025675,test,441,1,0
ISIC_0025682,test,442,1,0
ISIC_0025688,test,443,1,0
ISIC_0025689,test,444,1,1
ISIC_0025692,test,445,1,0
ISIC_0025694,test,446,1,0
ISIC_0025722,test,447,1,0
ISIC_0025733,test,448,1,0
ISIC_0025738,test,449,1,0
ISIC_0025742,test,450,1,1
ISIC_0025745,test,451,1,0
ISIC_0025750,test,452,1,0
ISIC_0025759,test,453,1,1
ISIC_0025764,test,454,1,0
ISIC_0025776,test,455,1,1
ISIC_0025785,test,456,1,1
ISIC_0025786,test,457,1,1
ISIC_0025789,test,458,1,1
ISIC_0025794,test,459,1,0
ISIC_0025828,test,460,1,0
ISIC_0025845,test,461,1,0
ISIC_0025850,test,462,1,1
ISIC_0025854,test,463,1,0
ISIC_0025859,test,464,1,0
ISIC_0025860,test,465,1,1
ISIC_0025864,test,466,1,0
ISIC_0025870,test,467,1,1
ISIC_0025875,test,468,1,0
ISIC_0025878,test,469,1,0
ISIC_0025884,test,470,1,0
ISIC_0025895,test,471,1,0
ISIC_0025897,test,472,1,0
ISIC_0025898,test,473,1,1
ISIC_0025907,test,474,1,0
ISIC_0025912,test,475,1,0
ISIC_0025917,test,476,1,0
ISIC_0025919,test,477,1,0
ISIC_0025931,test,478,1,0
ISIC_0025942,test,479,1,0
ISIC_0025949,test,480,1,0
ISIC_0025950,test,481,1,1
ISIC_0025951,test,482,1,0
ISIC_0025961,test,483,1,0
ISIC_0025965,test,484,1,0
ISIC_0025981,test,485,1,0
ISIC_0025983,test,486,1,0
ISIC_0025991,test,487,1,0
ISIC_0025994,test,488,1,0
ISIC_0026003,test,489,1,0
ISIC_0026007,test,490,1,0
ISIC_0026021,test,491,1,0
ISIC_0026026,test,492,1,0
ISIC_0026038,test,493,1,0
ISIC_0026052,test,494,1,0
ISIC_0026062,test,495,1,0
ISIC_0026065,test,496,1,0
ISIC_0026066,test,497,1,0
ISIC_0026073,test,498,1,0
ISIC_0026075,test,499,1,0
ISIC_0026077,test,500,1,0
ISIC_0026082,test,501,1,0
ISIC_0026093,test,502,1,0
ISIC_0026097,test,503,1,1
ISIC_0026108,test,504,1,1
ISIC_0026111,test,505,1,0
ISIC_0026134,test,506,1,0
ISIC_0026141,test,507,1,1
ISIC_0026143,test,508,1,0
ISIC_0026160,test,509,1,0
ISIC_0026182,test,510,1,0
ISIC_0026183,test,511,1,0
ISIC_0026187,test,512,1,0
ISIC_0026189,test,513,1,0
ISIC_0026197,test,514,1,0
ISIC_0026202,test,515,1,0
ISIC_0026209,test,516,1,0
ISIC_0026211,test,517,1,0
ISIC_0026220,test,518,1,0
ISIC_0026225,test,519,1,0
ISIC_0026243,test,520,1,0
ISIC_0026246,test,521,1,0
ISIC_0026255,test,522,1,0
ISIC_0026261,test,523,1,0
ISIC_0026272,test,524,1,1
ISIC_0026274,test,525,1,0
ISIC_0026283,test,526,1,0
ISIC_0026294,test,527,1,0
ISIC_0026300,test,528,1,0
ISIC_0026303,test,529,1,0
ISIC_0026304,test,530,1,0
ISIC_0026310,test,531,1,0
ISIC_0026312,test,532,1,0
ISIC_0026322,test,533,1,0
ISIC_0026326,test,534,1,0
ISIC_0026338,test,535,1,0
ISIC_0026339,test,536,1,0
ISIC_0026342,test,537,1,0
ISIC_0026346,test,538,1,1
ISIC_0026363,test,539,1,0
ISIC_0026370,test,540,1,0
ISIC_0026371,test,541,1,1
ISIC_0026373,test,542,1,0
ISIC_0026377,test,543,1,0
ISIC_0026379,test,544,1,0
ISIC_0026380,test,545,1,0
ISIC_0026383,test,546,1,0
ISIC_0026387,test,547,1,0
ISIC_0026394,test,548,1,0
ISIC_0026397,test,549,1,0
ISIC_0026401,test,550,1,1
ISIC_0026407,test,551,1,0
ISIC_0026412,test,552,1,0
ISIC_0026414,test,553,1,0
ISIC_0026415,test,554,1,0
ISIC_0026418,test,555,1,0
ISIC_0026419,test,556,1,1
ISIC_0026447,test,557,1,0
ISIC_0026451,test,558,1,1
ISIC_0026461,test,559,1,0
ISIC_0026462,test,560,1,0
ISIC_0026474,test,561,1,0
ISIC_0026484,test,562,1,0
ISIC_0026485,test,563,1,0
ISIC_0026497,test,564,1,1
ISIC_0026507,test,565,1,0
ISIC_0026533,test,566,1,0
ISIC_0026536,test,567,1,0
ISIC_0026540,test,568,1,0
ISIC_0026543,test,569,1,0
ISIC_0026547,test,570,1,0
ISIC_0026551,test,571,1,1
ISIC_0026552,test,572,1,1
ISIC_0026569,test,573,1,0
ISIC_0026570,test,574,1,0
ISIC_0026579,test,575,1,0
ISIC_0026600,test,576,1,1
ISIC_0026601,test,577,1,0
ISIC_0026610,test,578,1,0
ISIC_0026619,test,579,1,0
ISIC_0026638,test,580,1,0
ISIC_0026646,test,581,1,0
ISIC_0026660,test,582,1,1
ISIC_0026667,test,583,1,0
ISIC_0026672,test,584,1,0
ISIC_0026677,test,585,1,0
ISIC_0026680,test,586,1,0
ISIC_0026682,test,587,1,0
ISIC_0026683,test,588,1,0
ISIC_0026684,test,589,1,0
ISIC_0026688,test,590,1,0
ISIC_0026695,test,591,1,0
ISIC_0026696,test,592,1,0
ISIC_0026703,test,593,1,0
ISIC_0026706,test,594,1,0
ISIC_0026708,test,595,1,0
ISIC_0026723,test,596,1,0
ISIC_0026733,test,597,1,0
ISIC_0026751,test,598,1,1
ISIC_0026763,test,599,1,0
ISIC_0026764,test,600,1,1
ISIC_0026767,test,601,1,0
ISIC_0026776,test,602,1,0
ISIC_0026777,test,603,1,0
ISIC_0026797,test,604,1,0
ISIC_0026800,test,605,1,0
ISIC_0026816,test,606,1,1
ISIC_0026817,test,607,1,0
ISIC_0026821,test,608,1,0
ISIC_0026838,test,609,1,0
ISIC_0026856,test,610,1,0
ISIC_0026860,test,611,1,0
ISIC_0026864,test,612,1,0
ISIC_0026875,test,613,1,0
ISIC_0026891,test,614,1,0
ISIC_0026903,test,615,1,0
ISIC_0026906,test,616,1,0
ISIC_0026911,test,617,1,1
ISIC_0026914,test,618,1,0
ISIC_0026918,test,619,1,0
ISIC_0026922,test,620,1,1
ISIC_0026933,test,621,1,1
ISIC_0026936,test,622,1,0
ISIC_0026937,test,623,1,0
ISIC_0026942,test,624,1,1
ISIC_0026946,test,625,1,0
ISIC_0026948,test,626,1,0
ISIC_0026953,test,627,1,0
ISIC_0026960,test,628,1,0
ISIC_0026964,test,629,1,1
ISIC_0026965,test,630,1,0
ISIC_0026972,test,631,1,0
ISIC_0026973,test,632,1,0
ISIC_0026977,test,633,1,0
ISIC_0026987,test,634,1,0
ISIC_0026994,test,635,1,0
ISIC_0027002,test,636,1,1
ISIC_0027015,test,637,1,0
ISIC_0027022,test,638,1,0
ISIC_0027031,test,639,1,1
ISIC_0027073,test,640,1,0
ISIC_0027088,test,641,1,0
ISIC_0027091,test,642,1,0
ISIC_0027113,test,643,1,0
ISIC_0027119,test,644,1,0
ISIC_0027127,test,645,1,0
ISIC_0027136,test,646,1,0
ISIC_0027150,test,647,1,1
ISIC_0027152,test,648,1,1
ISIC_0027157,test,649,1,0
ISIC_0027191,test,650,1,0
ISIC_0027198,test,651,1,1
ISIC_0027200,test,652,1,0
ISIC_0027208,test,653,1,1
ISIC_0027249,test,654,1,1
ISIC_0027274,test,655,1,0
ISIC_0027280,test,656,1,0
ISIC_0027285,test,657,1,0
ISIC_0027288,test,658,1,0
ISIC_0027292,test,659,1,0
ISIC_0027296,test,660,1,0
ISIC_0027298,test,661,1,1
ISIC_0027301,test,662,1,0
ISIC_0027311,test,663,1,1
ISIC_0027317,test,664,1,0
ISIC_0027324,test,665,1,0
ISIC_0027330,test,666,1,0
ISIC_0027336,test,667,1,0
ISIC_0027356,test,668,1,0
ISIC_0027363,test,669,1,0
ISIC_0027373,test,670,1,0
ISIC_0027375,test,671,1,0
ISIC_0027381,test,672,1,0
ISIC_0027396,test,673,1,0
ISIC_0027403,test,674,1,1
ISIC_0027405,test,675,1,0
ISIC_0027411,test,676,1,0
ISIC_0027417,test,677,1,0
ISIC_0027422,test,678,1,0
ISIC_0027429,test,679,1,0
ISIC_0027434,test,680,1,0
ISIC_0027450,test,681,1,0
ISIC_0027456,test,682,1,0
ISIC_0027457,test,683,1,0
ISIC_0027464,test,684,1,0
ISIC_0027465,test,685,1,0
ISIC_0027472,test,686,1,0
ISIC_0027475,test,687,1,1
ISIC_0027476,test,688,1,0
ISIC_0027490,test,689,1,0
ISIC_0027494,test,690,1,0
ISIC_0027508,test,691,1,0
ISIC_0027512,test,692,1,0
ISIC_0027518,test,693,1,0
ISIC_0027521,test,694,1,0
ISIC_0027530,test,695,1,1
ISIC_0027537,test,696,1,1
ISIC_0027553,test,697,1,0
ISIC_0027572,test,698,1,0
ISIC_0027574,test,699,1,0
ISIC_0027578,test,700,1,1
ISIC_0027589,test,701,1,0
ISIC_0027593,test,702,1,0
ISIC_0027594,test,703,1,0
ISIC_0027603,test,704,1,0
ISIC_0027607,test,705,1,1
ISIC_0027617,test,706,1,0
ISIC_0027632,test,707,1,0
ISIC_0027640,test,708,1,1
ISIC_0027645,test,709,1,1
ISIC_0027646,test,710,1,0
ISIC_0027655,test,711,1,0
ISIC_0027661,test,712,1,0
ISIC_0027670,test,713,1,1
ISIC_0027686,test,714,1,0
ISIC_0027714,test,715,1,1
ISIC_0027724,test,716,1,0
ISIC_0027725,test,717,1,0
ISIC_0027730,test,718,1,0
ISIC_0027743,test,719,1,0
ISIC_0027782,test,720,1,0
ISIC_0027784,test,721,1,0
ISIC_0027799,test,722,1,0
ISIC_0027800,test,723,1,1
ISIC_0027821,test,724,1,1
ISIC_0027824,test,725,1,0
ISIC_0027830,test,726,1,0
ISIC_0027833,test,727,1,0
ISIC_0027836,test,728,1,0
ISIC_0027840,test,729,1,1
ISIC_0027842,test,730,1,0
ISIC_0027844,test,731,1,0
ISIC_0027847,test,732,1,1
ISIC_0027853,test,733,1,1
ISIC_0027869,test,734,1,0
ISIC_0027878,test,735,1,1
ISIC_0027880,test,736,1,0
ISIC_0027881,test,737,1,0
ISIC_0027883,test,738,1,1
ISIC_0027885,test,739,1,0
ISIC_0027899,test,740,1,0
ISIC_0027902,test,741,1,1
ISIC_0027910,test,742,1,0
ISIC_0027911,test,743,1,1
ISIC_0027918,test,744,1,0
ISIC_0027922,test,745,1,1
ISIC_0027929,test,746,1,0
ISIC_0027941,test,747,1,0
ISIC_0027944,test,748,1,0
ISIC_0027952,test,749,1,0
ISIC_0027963,test,750,1,0
ISIC_0027974,test,751,1,0
ISIC_0027977,test,752,1,0
ISIC_0027992,test,753,1,0
ISIC_0027993,test,754,1,0
ISIC_0028000,test,755,1,0
ISIC_0028018,test,756,1,0
ISIC_0028019,test,757,1,0
ISIC_0028031,test,758,1,0
ISIC_0028038,test,759,1,0
ISIC_0028046,test,760,1,0
ISIC_0028053,test,761,1,0
ISIC_0028057,test,762,1,1
ISIC_0028078,test,763,1,0
ISIC_0028083,test,764,1,0
ISIC_0028097,test,765,1,0
ISIC_0028102,test,766,1,0
ISIC_0028108,test,767,1,0
ISIC_0028110,test,768,1,0
ISIC_0028116,test,769,1,1
ISIC_0028118,test,770,1,0
ISIC_0028130,test,771,1,0
ISIC_0028131,test,772,1,0
ISIC_0028133,test,773,1,0
ISIC_0028140,test,774,1,0
ISIC_0028142,test,775,1,0
ISIC_0028151,test,776,1,0
ISIC_0028153,test,777,1,0
ISIC_0028159,test,778,1,1
ISIC_0028160,test,779,1,0
ISIC_0028162,test,780,1,0
ISIC_0028174,test,781,1,1
ISIC_0028189,test,782,1,0
ISIC_0028202,test,783,1,0
ISIC_0028222,test,784,1,1
ISIC_0028241,test,785,1,0
ISIC_0028257,test,786,1,0
ISIC_0028259,test,787,1,0
ISIC_0028261,test,788,1,1
ISIC_0028263,test,789,1,1
ISIC_0028266,test,790,1,0
ISIC_0028267,test,791,1,0
ISIC_0028268,test,792,1,0
ISIC_0028269,test,793,1,0
ISIC_0028270,test,794,1,0
ISIC_0028271,test,795,1,1
ISIC_0028276,test,796,1,1
ISIC_0028310,test,797,1,0
ISIC_0028311,test,798,1,0
ISIC_0028318,test,799,1,0
ISIC_0028321,test,800,1,0
ISIC_0028338,test,801,1,1
ISIC_0028339,test,802,1,0
ISIC_0028342,test,803,1,0
ISIC_0028369,test,804,1,0
ISIC_0028371,test,805,1,1
ISIC_0028377,test,806,1,0
ISIC_0028382,test,807,1,0
ISIC_0028392,test,808,1,0
ISIC_0028394,test,809,1,0
ISIC_0028397,test,810,1,0
ISIC_0028402,test,811,1,0
ISIC_0028405,test,812,1,0
ISIC_0028408,test,813,1,0
ISIC_0028423,test,814,1,1
ISIC_0028427,test,815,1,0
ISIC_0028429,test,816,1,1
ISIC_0028437,test,817,1,0
ISIC_0028458,test,818,1,0
ISIC_0028468,test,819,1,1
ISIC_0028471,test,820,1,0
ISIC_0028478,test,821,1,1
ISIC_0028487,test,822,1,0
ISIC_0028492,test,823,1,0
ISIC_0028502,test,824,1,0
ISIC_0028524,test,825,1,1
ISIC_0028532,test,826,1,0
ISIC_0028535,test,827,1,0
ISIC_0028536,test,828,1,0
ISIC_0028541,test,829,1,0
ISIC_0028554,test,830,1,0
ISIC_0028563,test,831,1,0
ISIC_0028571,test,832,1,1
ISIC_0028572,test,833,1,0
ISIC_0028575,test,834,1,0
ISIC_0028576,test,835,1,1
ISIC_0028578,test,836,1,1
ISIC_0028580,test,837,1,1
ISIC_0028585,test,838,1,1
ISIC_0028586,test,839,1,1
ISIC_0028596,test,840,1,0
ISIC_0028598,test,841,1,0
ISIC_0028601,test,842,1,0
ISIC_0028629,test,843,1,0
ISIC_0028645,test,844,1,1
ISIC_0028669,test,845,1,0
ISIC_0028683,test,846,1,0
ISIC_0028691,test,847,1,0
ISIC_0028704,test,848,1,0
ISIC_0028723,test,849,1,0
ISIC_0028729,test,850,1,0
ISIC_0028736,test,851,1,1
ISIC_0028738,test,852,1,0
ISIC_0028740,test,853,1,0
ISIC_0028744,test,854,1,0
ISIC_0028752,test,855,1,0
ISIC_0028754,test,856,1,0
ISIC_0028755,test,857,1,1
ISIC_0028757,test,858,1,0
ISIC_0028769,test,859,1,0
ISIC_0028770,test,860,1,0
ISIC_0028771,test,861,1,0
ISIC_0028783,test,862,1,0
ISIC_0028789,test,863,1,0
ISIC_0028802,test,864,1,0
ISIC_0028804,test,865,1,1
ISIC_0028805,test,866,1,0
ISIC_0028817,test,867,1,0
ISIC_0028825,test,868,1,0
ISIC_0028832,test,869,1,0
ISIC_0028836,test,870,1,0
ISIC_0028837,test,871,1,0
ISIC_0028838,test,872,1,0
ISIC_0028849,test,873,1,0
ISIC_0028851,test,874,1,0
ISIC_0028853,test,875,1,0
ISIC_0028859,test,876,1,0
ISIC_0028862,test,877,1,0
ISIC_0028873,test,878,1,1
ISIC_0028874,test,879,1,1
ISIC_0028887,test,880,1,1
ISIC_0028889,test,881,1,0
ISIC_0028895,test,882,1,0
ISIC_0028905,test,883,1,0
ISIC_0028907,test,884,1,0
ISIC_0028908,test,885,1,0
ISIC_0028914,test,886,1,0
ISIC_0028917,test,887,1,0
ISIC_0028918,test,888,1,1
ISIC_0028923,test,889,1,1
ISIC_0028955,test,890,1,0
ISIC_0028974,test,891,1,0
ISIC_0028999,test,892,1,0
ISIC_0029001,test,893,1,1
ISIC_0029008,test,894,1,0
ISIC_0029011,test,895,1,0
ISIC_0029019,test,896,1,0
ISIC_0029030,test,897,1,1
ISIC_0029038,test,898,1,0
ISIC_0029044,test,899,1,0
ISIC_0029045,test,900,1,1
ISIC_0029049,test,901,1,1
ISIC_0029079,test,902,1,1
ISIC_0029086,test,903,1,0
ISIC_0029088,test,904,1,0
ISIC_0029098,test,905,1,0
ISIC_0029117,test,906,1,0
ISIC_0029119,test,907,1,1
ISIC_0029120,test,908,1,0
ISIC_0029128,test,909,1,0
ISIC_0029132,test,910,1,0
ISIC_0029136,test,911,1,0
ISIC_0029164,test,912,1,0
ISIC_0029186,test,913,1,0
ISIC_0029188,test,914,1,1
ISIC_0029190,test,915,1,1
ISIC_0029205,test,916,1,0
ISIC_0029211,test,917,1,0
ISIC_0029222,test,918,1,0
ISIC_0029224,test,919,1,0
ISIC_0029229,test,920,1,0
ISIC_0029236,test,921,1,0
ISIC_0029247,test,922,1,1
ISIC_0029254,test,923,1,1
ISIC_0029273,test,924,1,0
ISIC_0029274,test,925,1,0
ISIC_0029280,test,926,1,0
ISIC_0029283,test,927,1,0
ISIC_0029290,test,928,1,0
ISIC_0029303,test,929,1,0
ISIC_0029304,test,930,1,0
ISIC_0029306,test,931,1,0
ISIC_0029312,test,932,1,0
ISIC_0029317,test,933,1,0
ISIC_0029328,test,934,1,1
ISIC_0029333,test,935,1,0
ISIC_0029346,test,936,1,0
ISIC_0029354,test,937,1,1
ISIC_0029366,test,938,1,1
ISIC_0029369,test,939,1,0
ISIC_0029393,test,940,1,0
ISIC_0029402,test,941,1,1
ISIC_0029411,test,942,1,0
ISIC_0029424,test,943,1,0
ISIC_0029430,test,944,1,1
ISIC_0029433,test,945,1,0
ISIC_0029456,test,946,1,0
ISIC_0029475,test,947,1,1
ISIC_0029478,test,948,1,0
ISIC_0029483,test,949,1,0
ISIC_0029488,test,950,1,1
ISIC_0029503,test,951,1,0
ISIC_0029523,test,952,1,0
ISIC_0029534,test,953,1,0
ISIC_0029540,test,954,1,0
ISIC_0029566,test,955,1,0
ISIC_0029586,test,956,1,0
ISIC_0029597,test,957,1,0
ISIC_0029618,test,958,1,0
ISIC_0029621,test,959,1,0
ISIC_0029628,test,960,1,0
ISIC_0029629,test,961,1,0
ISIC_0029646,test,962,1,0
ISIC_0029648,test,963,1,0
ISIC_0029650,test,964,1,1
ISIC_0029653,test,965,1,1
ISIC_0029658,test,966,1,0
ISIC_0029664,test,967,1,0
ISIC_0029673,test,968,1,0
ISIC_0029685,test,969,1,0
ISIC_0029688,test,970,1,0
ISIC_0029701,test,971,1,0
ISIC_0029708,test,972,1,0
ISIC_0029716,test,973,1,0
ISIC_0029717,test,974,1,0
ISIC_0029718,test,975,1,0
ISIC_0029721,test,976,1,0
ISIC_0029723,test,977,1,0
ISIC_0029738,test,978,1,0
ISIC_0029757,test,979,1,0
ISIC_0029761,test,980,1,0
ISIC_0029763,test,981,1,0
ISIC_0029766,test,982,1,0
ISIC_0029769,test,983,1,0
ISIC_0029772,test,984,1,0
ISIC_0029774,test,985,1,0
ISIC_0029785,test,986,1,0
ISIC_0029795,test,987,1,0
ISIC_0029816,test,988,1,0
ISIC_0029832,test,989,1,0
ISIC_0029850,test,990,1,0
ISIC_0029855,test,991,1,1
ISIC_0029862,test,992,1,1
ISIC_0029863,test,993,1,0
ISIC_0029869,test,994,1,0
ISIC_0029886,test,995,1,0
ISIC_0029890,test,996,1,0
ISIC_0029923,test,997,1,0
ISIC_0029941,test,998,1,0
ISIC_0029943,test,999,1,0
ISIC_0029944,test,1000,1,0
ISIC_0029953,test,1001,1,0
ISIC_0029957,test,1002,1,0
ISIC_0029966,test,1003,1,0
ISIC_0029971,test,1004,1,0
ISIC_0029977,test,1005,1,0
ISIC_0029980,test,1006,1,0
ISIC_0029981,test,1007,1,0
ISIC_0029983,test,1008,1,0
ISIC_0029984,test,1009,1,0
ISIC_0029986,test,1010,1,1
ISIC_0029992,test,1011,1,0
ISIC_0029997,test,1012,1,0
ISIC_0030009,test,1013,1,0
ISIC_0030018,test,1014,1,0
ISIC_0030020,test,1015,1,0
ISIC_0030029,test,1016,1,0
ISIC_0030035,test,1017,1,0
ISIC_0030038,test,1018,1,1
ISIC_0030043,test,1019,1,0
ISIC_0030044,test,1020,1,0
ISIC_0030046,test,1021,1,0
ISIC_0030057,test,1022,1,1
ISIC_0030058,test,1023,1,0
ISIC_0030066,test,1024,1,0
ISIC_0030069,test,1025,1,1
ISIC_0030071,test,1026,1,0
ISIC_0030086,test,1027,1,0
ISIC_0030090,test,1028,1,0
ISIC_0030100,test,1029,1,0
ISIC_0030125,test,1030,1,0
ISIC_0030128,test,1031,1,0
ISIC_0030136,test,1032,1,0
ISIC_0030147,test,1033,1,0
ISIC_0030149,test,1034,1,0
ISIC_0030154,test,1035,1,0
ISIC_0030161,test,1036,1,0
ISIC_0030163,test,1037,1,0
ISIC_0030164,test,1038,1,0
ISIC_0030168,test,1039,1,0
ISIC_0030179,test,1040,1,1
ISIC_0030186,test,1041,1,0
ISIC_0030190,test,1042,1,0
ISIC_0030199,test,1043,1,0
ISIC_0030210,test,1044,1,0
ISIC_0030228,test,1045,1,0
ISIC_0030234,test,1046,1,0
ISIC_0030236,test,1047,1,0
ISIC_0030252,test,1048,1,0
ISIC_0030256,test,1049,1,0
ISIC_0030264,test,1050,1,0
ISIC_0030267,test,1051,1,0
ISIC_0030288,test,1052,1,0
ISIC_0030303,test,1053,1,0
ISIC_0030305,test,1054,1,0
ISIC_0030315,test,1055,1,0
ISIC_0030325,test,1056,1,0
ISIC_0030327,test,1057,1,0
ISIC_0030328,test,1058,1,0
ISIC_0030332,test,1059,1,0
ISIC_0030338,test,1060,1,0
ISIC_0030340,test,1061,1,1
ISIC_0030345,test,1062,1,0
ISIC_0030359,test,1063,1,0
ISIC_0030361,test,1064,1,0
ISIC_0030364,test,1065,1,0
ISIC_0030379,test,1066,1,0
ISIC_0030409,test,1067,1,0
ISIC_0030414,test,1068,1,0
ISIC_0030415,test,1069,1,0
ISIC_0030421,test,1070,1,0
ISIC_0030431,test,1071,1,0
ISIC_0030433,test,1072,1,0
ISIC_0030437,test,1073,1,0
ISIC_0030455,test,1074,1,0
ISIC_0030469,test,1075,1,0
ISIC_0030471,test,1076,1,0
ISIC_0030475,test,1077,1,0
ISIC_0030494,test,1078,1,0
ISIC_0030499,test,1079,1,0
ISIC_0030505,test,1080,1,0
ISIC_0030508,test,1081,1,1
ISIC_0030509,test,1082,1,0
ISIC_0030525,test,1083,1,0
ISIC_0030531,test,1084,1,0
ISIC_0030534,test,1085,1,1
ISIC_0030537,test,1086,1,0
ISIC_0030547,test,1087,1,0
ISIC_0030548,test,1088,1,0
ISIC_0030556,test,1089,1,0
ISIC_0030562,test,1090,1,0
ISIC_0030567,test,1091,1,1
ISIC_0030571,test,1092,1,0
ISIC_0030572,test,1093,1,0
ISIC_0030610,test,1094,1,1
ISIC_0030613,test,1095,1,0
ISIC_0030618,test,1096,1,0
ISIC_0030619,test,1097,1,0
ISIC_0030625,test,1098,1,0
ISIC_0030650,test,1099,1,0
ISIC_0030651,test,1100,1,0
ISIC_0030652,test,1101,1,1
ISIC_0030662,test,1102,1,0
ISIC_0030663,test,1103,1,1
ISIC_0030670,test,1104,1,0
ISIC_0030671,test,1105,1,0
ISIC_0030686,test,1106,1,0
ISIC_0030725,test,1107,1,0
ISIC_0030736,test,1108,1,0
ISIC_0030739,test,1109,1,0
ISIC_0030748,test,1110,1,0
ISIC_0030751,test,1111,1,0
ISIC_0030762,test,1112,1,0
ISIC_0030771,test,1113,1,0
ISIC_0030775,test,1114,1,0
ISIC_0030779,test,1115,1,0
ISIC_0030802,test,1116,1,0
ISIC_0030808,test,1117,1,0
ISIC_0030814,test,1118,1,0
ISIC_0030816,test,1119,1,1
ISIC_0030820,test,1120,1,0
ISIC_0030823,test,1121,1,0
ISIC_0030832,test,1122,1,0
ISIC_0030841,test,1123,1,1
ISIC_0030847,test,1124,1,0
ISIC_0030852,test,1125,1,1
ISIC_0030855,test,1126,1,0
ISIC_0030857,test,1127,1,0
ISIC_0030862,test,1128,1,0
ISIC_0030869,test,1129,1,0
ISIC_0030871,test,1130,1,0
ISIC_0030884,test,1131,1,0
ISIC_0030886,test,1132,1,0
ISIC_0030887,test,1133,1,0
ISIC_0030891,test,1134,1,0
ISIC_0030909,test,1135,1,1
ISIC_0030913,test,1136,1,0
ISIC_0030916,test,1137,1,0
ISIC_0030921,test,1138,1,0
ISIC_0030934,test,1139,1,0
ISIC_0030941,test,1140,1,1
ISIC_0030952,test,1141,1,0
ISIC_0030967,test,1142,1,0
ISIC_0030968,test,1143,1,0
ISIC_0030969,test,1144,1,0
ISIC_0030973,test,1145,1,1
ISIC_0030974,test,1146,1,0
ISIC_0030978,test,1147,1,1
ISIC_0030981,test,1148,1,1
ISIC_0030984,test,1149,1,0
ISIC_0030992,test,1150,1,0
ISIC_0030999,test,1151,1,0
ISIC_0031011,test,1152,1,1
ISIC_0031019,test,1153,1,1
ISIC_0031020,test,1154,1,0
ISIC_0031033,test,1155,1,0
ISIC_0031046,test,1156,1,0
ISIC_0031048,test,1157,1,1
ISIC_0031059,test,1158,1,1
ISIC_0031066,test,1159,1,0
ISIC_0031070,test,1160,1,0
ISIC_0031082,test,1161,1,0
ISIC_0031089,test,1162,1,0
ISIC_0031092,test,1163,1,0
ISIC_0031096,test,1164,1,0
ISIC_0031099,test,1165,1,0
ISIC_0031100,test,1166,1,0
ISIC_0031105,test,1167,1,1
ISIC_0031106,test,1168,1,0
ISIC_0031109,test,1169,1,0
ISIC_0031116,test,1170,1,0
ISIC_0031120,test,1171,1,0
ISIC_0031141,test,1172,1,0
ISIC_0031145,test,1173,1,1
ISIC_0031149,test,1174,1,1
ISIC_0031164,test,1175,1,0
ISIC_0031173,test,1176,1,0
ISIC_0031193,test,1177,1,0
ISIC_0031222,test,1178,1,0
ISIC_0031229,test,1179,1,0
ISIC_0031230,test,1180,1,0
ISIC_0031232,test,1181,1,0
ISIC_0031238,test,1182,1,1
ISIC_0031244,test,1183,1,0
ISIC_0031249,test,1184,1,1
ISIC_0031255,test,1185,1,0
ISIC_0031260,test,1186,1,0
ISIC_0031267,test,1187,1,0
ISIC_0031268,test,1188,1,0
ISIC_0031275,test,1189,1,0
ISIC_0031279,test,1190,1,0
ISIC_0031288,test,1191,1,0
ISIC_0031293,test,1192,1,1
ISIC_0031300,test,1193,1,0
ISIC_0031302,test,1194,1,1
ISIC_0031304,test,1195,1,0
ISIC_0031305,test,1196,1,0
ISIC_0031308,test,1197,1,1
ISIC_0031313,test,1198,1,0
ISIC_0031314,test,1199,1,1
ISIC_0031324,test,1200,1,0
ISIC_0031333,test,1201,1,0
ISIC_0031343,test,1202,1,0
ISIC_0031363,test,1203,1,0
ISIC_0031364,test,1204,1,0
ISIC_0031365,test,1205,1,0
ISIC_0031379,test,1206,1,0
ISIC_0031395,test,1207,1,0
ISIC_0031402,test,1208,1,0
ISIC_0031404,test,1209,1,0
ISIC_0031440,test,1210,1,0
ISIC_0031441,test,1211,1,0
ISIC_0031444,test,1212,1,0
ISIC_0031447,test,1213,1,1
ISIC_0031454,test,1214,1,1
ISIC_0031460,test,1215,1,1
ISIC_0031469,test,1216,1,0
ISIC_0031471,test,1217,1,0
ISIC_0031478,test,1218,1,0
ISIC_0031487,test,1219,1,0
ISIC_0031497,test,1220,1,0
ISIC_0031505,test,1221,1,0
ISIC_0031510,test,1222,1,0
ISIC_0031530,test,1223,1,0
ISIC_0031541,test,1224,1,1
ISIC_0031547,test,1225,1,1
ISIC_0031549,test,1226,1,0
ISIC_0031551,test,1227,1,0
ISIC_0031575,test,1228,1,0
ISIC_0031581,test,1229,1,0
ISIC_0031582,test,1230,1,0
ISIC_0031603,test,1231,1,1
ISIC_0031610,test,1232,1,0
ISIC_0031611,test,1233,1,1
ISIC_0031615,test,1234,1,1
ISIC_0031618,test,1235,1,1
ISIC_0031632,test,1236,1,0
ISIC_0031637,test,1237,1,0
ISIC_0031649,test,1238,1,0
ISIC_0031657,test,1239,1,1
ISIC_0031662,test,1240,1,0
ISIC_0031671,test,1241,1,0
ISIC_0031673,test,1242,1,0
ISIC_0031679,test,1243,1,0
ISIC_0031683,test,1244,1,0
ISIC_0031685,test,1245,1,0
ISIC_0031687,test,1246,1,0
ISIC_0031700,test,1247,1,0
ISIC_0031714,test,1248,1,0
ISIC_0031720,test,1249,1,1
ISIC_0031725,test,1250,1,0
ISIC_0031731,test,1251,1,0
ISIC_0031740,test,1252,1,0
ISIC_0031747,test,1253,1,0
ISIC_0031760,test,1254,1,0
ISIC_0031768,test,1255,1,0
ISIC_0031801,test,1256,1,0
ISIC_0031805,test,1257,1,0
ISIC_0031807,test,1258,1,0
ISIC_0031828,test,1259,1,0
ISIC_0031834,test,1260,1,0
ISIC_0031837,test,1261,1,0
ISIC_0031838,test,1262,1,0
ISIC_0031839,test,1263,1,1
ISIC_0031845,test,1264,1,0
ISIC_0031846,test,1265,1,0
ISIC_0031857,test,1266,1,1
ISIC_0031863,test,1267,1,1
ISIC_0031869,test,1268,1,0
ISIC_0031877,test,1269,1,0
ISIC_0031883,test,1270,1,1
ISIC_0031884,test,1271,1,0
ISIC_0031892,test,1272,1,0
ISIC_0031894,test,1273,1,0
ISIC_0031898,test,1274,1,0
ISIC_0031907,test,1275,1,0
ISIC_0031910,test,1276,1,0
ISIC_0031919,test,1277,1,0
ISIC_0031924,test,1278,1,1
ISIC_0031930,test,1279,1,1
ISIC_0031934,test,1280,1,0
ISIC_0031935,test,1281,1,0
ISIC_0031944,test,1282,1,0
ISIC_0031959,test,1283,1,0
ISIC_0031963,test,1284,1,0
ISIC_0031973,test,1285,1,1
ISIC_0031978,test,1286,1,0
ISIC_0031992,test,1287,1,0
ISIC_0031994,test,1288,1,0
ISIC_0031995,test,1289,1,0
ISIC_0031998,test,1290,1,0
ISIC_0032010,test,1291,1,0
ISIC_0032015,test,1292,1,0
ISIC_0032016,test,1293,1,0
ISIC_0032026,test,1294,1,1
ISIC_0032032,test,1295,1,0
ISIC_0032035,test,1296,1,0
ISIC_0032041,test,1297,1,0
ISIC_0032042,test,1298,1,1
ISIC_0032065,test,1299,1,0
ISIC_0032067,test,1300,1,0
ISIC_0032077,test,1301,1,0
ISIC_0032078,test,1302,1,0
ISIC_0032082,test,1303,1,1
ISIC_0032083,test,1304,1,0
ISIC_0032087,test,1305,1,0
ISIC_0032093,test,1306,1,0
ISIC_0032104,test,1307,1,0
ISIC_0032106,test,1308,1,0
ISIC_0032109,test,1309,1,0
ISIC_0032112,test,1310,1,1
ISIC_0032122,test,1311,1,0
ISIC_0032127,test,1312,1,0
ISIC_0032150,test,1313,1,1
ISIC_0032157,test,1314,1,0
ISIC_0032163,test,1315,1,0
ISIC_0032166,test,1316,1,0
ISIC_0032167,test,1317,1,0
ISIC_0032169,test,1318,1,0
ISIC_0032172,test,1319,1,0
ISIC_0032175,test,1320,1,0
ISIC_0032184,test,1321,1,0
ISIC_0032189,test,1322,1,0
ISIC_0032201,test,1323,1,0
ISIC_0032216,test,1324,1,0
ISIC_0032236,test,1325,1,0
ISIC_0032239,test,1326,1,0
ISIC_0032252,test,1327,1,0
ISIC_0032259,test,1328,1,0
ISIC_0032260,test,1329,1,1
ISIC_0032268,test,1330,1,0
ISIC_0032272,test,1331,1,0
ISIC_0032274,test,1332,1,0
ISIC_0032288,test,1333,1,0
ISIC_0032291,test,1334,1,0
ISIC_0032292,test,1335,1,0
ISIC_0032295,test,1336,1,0
ISIC_0032297,test,1337,1,0
ISIC_0032323,test,1338,1,0
ISIC_0032338,test,1339,1,0
ISIC_0032346,test,1340,1,0
ISIC_0032351,test,1341,1,0
ISIC_0032352,test,1342,1,0
ISIC_0032355,test,1343,1,0
ISIC_0032361,test,1344,1,0
ISIC_0032362,test,1345,1,0
ISIC_0032364,test,1346,1,1
ISIC_0032369,test,1347,1,0
ISIC_0032385,test,1348,1,1
ISIC_0032394,test,1349,1,0
ISIC_0032398,test,1350,1,0
ISIC_0032402,test,1351,1,0
ISIC_0032416,test,1352,1,0
ISIC_0032423,test,1353,1,1
ISIC_0032431,test,1354,1,0
ISIC_0032434,test,1355,1,0
ISIC_0032446,test,1356,1,0
ISIC_0032448,test,1357,1,0
ISIC_0032452,test,1358,1,0
ISIC_0032454,test,1359,1,0
ISIC_0032465,test,1360,1,0
ISIC_0032470,test,1361,1,1
ISIC_0032472,test,1362,1,0
ISIC_0032474,test,1363,1,0
ISIC_0032477,test,1364,1,0
ISIC_0032479,test,1365,1,0
ISIC_0032480,test,1366,1,0
ISIC_0032491,test,1367,1,0
ISIC_0032492,test,1368,1,1
ISIC_0032494,test,1369,1,1
ISIC_0032499,test,1370,1,0
ISIC_0032507,test,1371,1,0
ISIC_0032510,test,1372,1,0
ISIC_0032519,test,1373,1,1
ISIC_0032520,test,1374,1,1
ISIC_0032540,test,1375,1,0
ISIC_0032549,test,1376,1,0
ISIC_0032555,test,1377,1,0
ISIC_0032560,test,1378,1,1
ISIC_0032563,test,1379,1,1
ISIC_0032565,test,1380,1,1
ISIC_0032573,test,1381,1,0
ISIC_0032582,test,1382,1,1
ISIC_0032591,test,1383,1,0
ISIC_0032593,test,1384,1,1
ISIC_0032595,test,1385,1,1
ISIC_0032601,test,1386,1,0
ISIC_0032607,test,1387,1,1
ISIC_0032612,test,1388,1,1
ISIC_0032647,test,1389,1,0
ISIC_0032650,test,1390,1,1
ISIC_0032651,test,1391,1,1
ISIC_0032657,test,1392,1,1
ISIC_0032658,test,1393,1,0
ISIC_0032667,test,1394,1,1
ISIC_0032670,test,1395,1,1
ISIC_0032671,test,1396,1,1
ISIC_0032673,test,1397,1,1
ISIC_0032691,test,1398,1,0
ISIC_0032706,test,1399,1,0
ISIC_0032707,test,1400,1,1
ISIC_0032746,test,1401,1,1
ISIC_0032752,test,1402,1,1
ISIC_0032755,test,1403,1,1
ISIC_0032765,test,1404,1,1
ISIC_0032771,test,1405,1,1
ISIC_0032772,test,1406,1,1
ISIC_0032779,test,1407,1,1
ISIC_0032784,test,1408,1,1
ISIC_0032786,test,1409,1,1
ISIC_0032793,test,1410,1,1
ISIC_0032801,test,1411,1,1
ISIC_0032814,test,1412,1,0
ISIC_0032820,test,1413,1,1
ISIC_0032832,test,1414,1,1
ISIC_0032837,test,1415,1,1
ISIC_0032859,test,1416,1,1
ISIC_0032861,test,1417,1,1
ISIC_0032878,test,1418,1,0
ISIC_0032880,test,1419,1,1
ISIC_0032881,test,1420,1,0
ISIC_0032882,test,1421,1,1
ISIC_0032907,test,1422,1,0
ISIC_0032930,test,1423,1,0
ISIC_0032942,test,1424,1,1
ISIC_0032945,test,1425,1,0
ISIC_0032950,test,1426,1,1
ISIC_0032973,test,1427,1,1
ISIC_0032977,test,1428,1,1
ISIC_0032990,test,1429,1,1
ISIC_0032996,test,1430,1,0
ISIC_0032999,test,1431,1,1
ISIC_0033014,test,1432,1,1
ISIC_0033015,test,1433,1,1
ISIC_0033016,test,1434,1,1
ISIC_0033026,test,1435,1,1
ISIC_0033028,test,1436,1,0
ISIC_0033036,test,1437,1,0
ISIC_0033049,test,1438,1,1
ISIC_0033058,test,1439,1,1
ISIC_0033066,test,1440,1,0
ISIC_0033072,test,1441,1,0
ISIC_0033075,test,1442,1,1
ISIC_0033091,test,1443,1,1
ISIC_0033095,test,1444,1,1
ISIC_0033097,test,1445,1,1
ISIC_0033102,test,1446,1,1
ISIC_0033107,test,1447,1,1
ISIC_0033110,test,1448,1,1
ISIC_0033111,test,1449,1,1
ISIC_0033126,test,1450,1,1
ISIC_0033140,test,1451,1,0
ISIC_0033145,test,1452,1,1
ISIC_0033147,test,1453,1,1
ISIC_0033148,test,1454,1,1
ISIC_0033162,test,1455,1,1
ISIC_0033165,test,1456,1,1
ISIC_0033167,test,1457,1,0
ISIC_0033179,test,1458,1,1
ISIC_0033208,test,1459,1,0
ISIC_0033225,test,1460,1,1
ISIC_0033227,test,1461,1,1
ISIC_0033243,test,1462,1,1
ISIC_0033244,test,1463,1,1
ISIC_0033251,test,1464,1,1
ISIC_0033276,test,1465,1,1
ISIC_0033277,test,1466,1,0
ISIC_0033285,test,1467,1,1
ISIC_0033315,test,1468,1,1
ISIC_0033318,test,1469,1,1
ISIC_0033327,test,1470,1,1
ISIC_0033331,test,1471,1,1
ISIC_0033343,test,1472,1,0
ISIC_0033345,test,1473,1,1
ISIC_0033357,test,1474,1,1
ISIC_0033367,test,1475,1,1
ISIC_0033370,test,1476,1,1
ISIC_0033374,test,1477,1,0
ISIC_0033385,test,1478,1,1
ISIC_0033407,test,1479,1,1
ISIC_0033425,test,1480,1,1
ISIC_0033434,test,1481,1,1
ISIC_0033436,test,1482,1,0
ISIC_0033455,test,1483,1,1
ISIC_0033457,test,1484,1,0
ISIC_0033472,test,1485,1,1
ISIC_0033474,test,1486,1,0
ISIC_0033502,test,1487,1,0
ISIC_0033508,test,1488,1,1
ISIC_0033521,test,1489,1,1
ISIC_0033532,test,1490,1,1
ISIC_0033543,test,1491,1,1
ISIC_0033549,test,1492,1,1
ISIC_0033556,test,1493,1,0
ISIC_0033572,test,1494,1,1
ISIC_0033598,test,1495,1,1
ISIC_0033605,test,1496,1,1
ISIC_0033610,test,1497,1,1
ISIC_0033652,test,1498,1,1
ISIC_0033661,test,1499,1,1
ISIC_0033669,test,1500,1,1
ISIC_0033674,test,1501,1,1
ISIC_0033682,test,1502,1,1
ISIC_0033699,test,1503,1,1
ISIC_0033707,test,1504,1,1
ISIC_0033714,test,1505,1,1
ISIC_0033738,test,1506,1,1
ISIC_0033760,test,1507,1,0
ISIC_0033766,test,1508,1,1
ISIC_0033771,test,1509,1,1
ISIC_0033772,test,1510,1,0
ISIC_0033777,test,1511,1,1
ISIC_0033781,test,1512,1,0
ISIC_0033782,test,1513,1,0
ISIC_0033786,test,1514,1,1
ISIC_0033792,test,1515,1,1
ISIC_0033793,test,1516,1,1
ISIC_0033797,test,1517,1,0
ISIC_0033798,test,1518,1,1
ISIC_0033803,test,1519,1,1
ISIC_0033815,test,1520,1,1
ISIC_0033818,test,1521,1,1
ISIC_0033851,test,1522,1,0
ISIC_0033852,test,1523,1,1
ISIC_0033859,test,1524,1,1
ISIC_0033867,test,1525,1,1
ISIC_0033880,test,1526,1,1
ISIC_0033889,test,1527,1,1
ISIC_0033904,test,1528,1,1
ISIC_0033914,test,1529,1,1
ISIC_0033923,test,1530,1,1
ISIC_0033937,test,1531,1,0
ISIC_0033940,test,1532,1,1
ISIC_0033941,test,1533,1,1
ISIC_0033944,test,1534,1,1
ISIC_0033951,test,1535,1,1
ISIC_0033954,test,1536,1,1
ISIC_0033955,test,1537,1,1
ISIC_0033971,test,1538,1,1
ISIC_0033972,test,1539,1,1
ISIC_0033974,test,1540,1,1
ISIC_0033990,test,1541,1,1
ISIC_0034019,test,1542,1,0
ISIC_0034021,test,1543,1,1
ISIC_0034025,test,1544,1,1
ISIC_0034038,test,1545,1,1
ISIC_0034054,test,1546,1,1
ISIC_0034067,test,1547,1,0
ISIC_0034072,test,1548,1,0
ISIC_0034075,test,1549,1,0
ISIC_0034077,test,1550,1,1
ISIC_0034080,test,1551,1,0
ISIC_0034088,test,1552,1,1
ISIC_0034098,test,1553,1,1
ISIC_0034099,test,1554,1,1
ISIC_0034102,test,1555,1,1
ISIC_0034127,test,1556,1,1
ISIC_0034144,test,1557,1,1
ISIC_0034148,test,1558,1,1
ISIC_0034153,test,1559,1,1
ISIC_0034157,test,1560,1,1
ISIC_0034163,test,1561,1,1
ISIC_0034178,test,1562,1,1
ISIC_0034181,test,1563,1,0
ISIC_0034190,test,1564,1,0
ISIC_0034191,test,1565,1,1
ISIC_0034192,test,1566,1,1
ISIC_0034194,test,1567,1,1
ISIC_0034195,test,1568,1,0
ISIC_0034198,test,1569,1,1
ISIC_0034203,test,1570,1,1
ISIC_0034206,test,1571,1,1
ISIC_0034207,test,1572,1,1
ISIC_0034212,test,1573,1,1
ISIC_0034217,test,1574,1,1
ISIC_0034224,test,1575,1,1
ISIC_0034228,test,1576,1,0
ISIC_0034237,test,1577,1,1
ISIC_0034248,test,1578,1,0
ISIC_0034249,test,1579,1,0
ISIC_0034254,test,1580,1,0
ISIC_0034268,test,1581,1,1
ISIC_0034270,test,1582,1,0
ISIC_0034288,test,1583,1,1
ISIC_0034293,test,1584,1,1
ISIC_0034300,test,1585,1,1
ISIC_0034304,test,1586,1,1
ISIC_0034307,test,1587,1,1
ISIC_0034320,test,1588,1,0
ISIC_0034335,test,1589,0,0
ISIC_0034342,test,1590,0,0
ISIC_0034355,test,1591,0,0
ISIC_0034365,test,1592,0,0
ISIC_0034372,test,1593,0,0
ISIC_0034378,test,1594,0,0
ISIC_0034395,test,1595,0,0
ISIC_0034397,test,1596,0,0
ISIC_0034399,test,1597,0,0
ISIC_0034400,test,1598,0,0
ISIC_0034407,test,1599,0,0
ISIC_0034419,test,1600,0,0
ISIC_0034424,test,1601,0,0
ISIC_0034428,test,1602,0,0
ISIC_0034433,test,1603,0,0
ISIC_0034442,test,1604,0,0
ISIC_0034463,test,1605,0,0
ISIC_0034468,test,1606,0,0
ISIC_0034483,test,1607,0,0
ISIC_0034484,test,1608,0,0
ISIC_0034495,test,1609,0,0
ISIC_0034509,test,1610,0,0
ISIC_0034512,test,1611,0,0
ISIC_0034515,test,1612,0,0
ISIC_0034517,test,1613,0,0
ISIC_0034532,test,1614,0,0
ISIC_0034534,test,1615,0,0
ISIC_0034559,test,1616,0,0
ISIC_0034564,test,1617,0,0
ISIC_0034566,test,1618,0,0
ISIC_0034568,test,1619,0,0
ISIC_0034576,test,1620,0,0
ISIC_0034577,test,1621,0,0
ISIC_0034586,test,1622,0,0
ISIC_0034603,test,1623,0,0
ISIC_0034604,test,1624,0,0
ISIC_0034609,test,1625,0,0
ISIC_0034616,test,1626,0,0
ISIC_0034624,test,1627,0,0
ISIC_0034625,test,1628,0,0
ISIC_0034653,test,1629,0,0
ISIC_0034654,test,1630,0,0
ISIC_0034661,test,1631,0,0
ISIC_0034667,test,1632,0,0
ISIC_0034672,test,1633,0,0
ISIC_0034688,test,1634,0,0
ISIC_0034697,test,1635,0,0
ISIC_0034702,test,1636,0,0
ISIC_0034704,test,1637,0,0
ISIC_0034708,test,1638,0,0
ISIC_0034716,test,1639,0,0
ISIC_0034718,test,1640,0,0
ISIC_0034721,test,1641,0,0
ISIC_0034726,test,1642,0,0
ISIC_0034730,test,1643,0,0
ISIC_0034735,test,1644,0,0
ISIC_0034749,test,1645,0,0
ISIC_0034756,test,1646,0,0
ISIC_0034762,test,1647,0,0
ISIC_0034768,test,1648,0,0
ISIC_0034772,test,1649,0,0
ISIC_0034773,test,1650,0,0
ISIC_0034781,test,1651,0,0
ISIC_0034789,test,1652,0,0
ISIC_0034797,test,1653,0,0
ISIC_0034798,test,1654,0,0
ISIC_0034807,test,1655,0,0
ISIC_0034815,test,1656,0,0
ISIC_0034821,test,1657,0,0
ISIC_0034824,test,1658,0,0
ISIC_0034832,test,1659,0,0
ISIC_0034837,test,1660,0,0
ISIC_0034839,test,1661,0,0
ISIC_0034848,test,1662,0,0
ISIC_0034857,test,1663,0,0
ISIC_0034862,test,1664,0,0
ISIC_0034880,test,1665,0,0
ISIC_0034900,test,1666,0,0
ISIC_0034903,test,1667,0,0
ISIC_0034919,test,1668,0,0
ISIC_0034924,test,1669,0,0
ISIC_0034927,test,1670,0,0
ISIC_0034932,test,1671,0,0
ISIC_0034955,test,1672,0,0
ISIC_0034968,test,1673,0,0
ISIC_0034973,test,1674,0,0
ISIC_0034975,test,1675,0,0
ISIC_0034978,test,1676,0,0
ISIC_0034984,test,1677,0,0
ISIC_0034985,test,1678,0,0
ISIC_0034989,test,1679,0,0
ISIC_0034996,test,1680,0,0
ISIC_0035003,test,1681,0,0
ISIC_0035014,test,1682,0,0
ISIC_0035016,test,1683,0,0
ISIC_0035023,test,1684,0,0
ISIC_0035044,test,1685,0,0
ISIC_0035051,test,1686,0,0
ISIC_0035052,test,1687,0,0
ISIC_0035053,test,1688,0,0
ISIC_0035055,test,1689,0,0
ISIC_0035060,test,1690,0,0
ISIC_0035062,test,1691,0,0
ISIC_0035068,test,1692,0,0
ISIC_0035086,test,1693,0,0
ISIC_0035094,test,1694,0,0
ISIC_0035098,test,1695,0,0
ISIC_0035122,test,1696,0,0
ISIC_0035158,test,1697,0,0
ISIC_0035167,test,1698,0,0
ISIC_0035169,test,1699,0,0
ISIC_0035181,test,1700,0,0
ISIC_0035182,test,1701,0,0
ISIC_0035187,test,1702,0,0
ISIC_0035191,test,1703,0,0
ISIC_0035193,test,1704,0,0
ISIC_0035195,test,1705,0,0
ISIC_0035204,test,1706,0,0
ISIC_0035205,test,1707,0,0
ISIC_0035214,test,1708,0,0
ISIC_0035215,test,1709,0,0
ISIC_0035228,test,1710,0,0
ISIC_0035230,test,1711,0,0
ISIC_0035231,test,1712,0,0
ISIC_0035244,test,1713,0,0
ISIC_0035253,test,1714,0,0
ISIC_0035272,test,1715,0,0
ISIC_0035273,test,1716,0,0
ISIC_0035274,test,1717,0,0
ISIC_0035297,test,1718,0,0
ISIC_0035302,test,1719,0,0
ISIC_0035314,test,1720,0,0
ISIC_0035315,test,1721,0,0
ISIC_0035319,test,1722,0,0
ISIC_0035325,test,1723,0,0
ISIC_0035337,test,1724,0,0
ISIC_0035341,test,1725,0,0
ISIC_0035342,test,1726,0,0
ISIC_0035343,test,1727,0,0
ISIC_0035352,test,1728,0,0
ISIC_0035353,test,1729,0,0
ISIC_0035358,test,1730,0,0
ISIC_0035359,test,1731,0,0
ISIC_0035365,test,1732,0,0
ISIC_0035367,test,1733,0,0
ISIC_0035373,test,1734,0,0
ISIC_0035377,test,1735,0,0
ISIC_0035384,test,1736,0,0
ISIC_0035386,test,1737,0,0
ISIC_0035399,test,1738,0,0
ISIC_0035401,test,1739,0,0
ISIC_0035422,test,1740,0,0
ISIC_0035427,test,1741,0,0
ISIC_0035429,test,1742,0,0
ISIC_0035435,test,1743,0,0
ISIC_0035438,test,1744,0,0
ISIC_0035449,test,1745,0,0
ISIC_0035473,test,1746,0,0
ISIC_0035483,test,1747,0,0
ISIC_0035493,test,1748,0,0
ISIC_0035507,test,1749,0,0
ISIC_0035509,test,1750,0,0
ISIC_0035515,test,1751,0,0
ISIC_0035529,test,1752,0,0
ISIC_0035532,test,1753,0,0
ISIC_0035542,test,1754,0,0
ISIC_0035548,test,1755,0,0
ISIC_0035555,test,1756,0,0
ISIC_0035557,test,1757,0,0
ISIC_0035563,test,1758,0,0
ISIC_0035573,test,1759,0,0
ISIC_0035575,test,1760,0,0
ISIC_0035578,test,1761,0,0
ISIC_0035587,test,1762,0,0
ISIC_0035618,test,1763,0,0
ISIC_0035621,test,1764,0,0
ISIC_0035623,test,1765,0,0
ISIC_0035644,test,1766,0,0
ISIC_0035662,test,1767,0,0
ISIC_0035687,test,1768,0,0
ISIC_0035702,test,1769,0,0
ISIC_0035713,test,1770,0,0
ISIC_0035727,test,1771,0,0
ISIC_0035734,test,1772,0,0
ISIC_0035740,test,1773,0,0
ISIC_0035743,test,1774,0,0
ISIC_0035758,test,1775,0,0
ISIC_0035777,test,1776,0,0
ISIC_0035785,test,1777,0,0
ISIC_0035792,test,1778,0,0
ISIC_0035811,test,1779,0,0
ISIC_0035815,test,1780,0,0
ISIC_0035822,test,1781,0,0
ISIC_0035836,test,1782,0,0
ISIC_0035837,test,1783,0,0
ISIC_0035843,test,1784,0,0
ISIC_0035850,test,1785,0,0
ISIC_0035869,test,1786,0,0
ISIC_0035874,test,1787,0,0
ISIC_0035880,test,1788,0,0
ISIC_0035891,test,1789,0,0
ISIC_0035893,test,1790,0,0
ISIC_0035906,test,1791,0,0
ISIC_0035907,test,1792,0,0
ISIC_0035935,test,1793,0,0
ISIC_0035951,test,1794,0,0
ISIC_0035954,test,1795,0,0
ISIC_0035965,test,1796,0,0
ISIC_0035966,test,1797,0,0
ISIC_0035983,test,1798,0,0
ISIC_0035998,test,1799,0,0
ISIC_0035999,test,1800,0,0
ISIC_0036017,test,1801,0,0
ISIC_0036020,test,1802,0,0
ISIC_0036030,test,1803,0,0
ISIC_0036038,test,1804,0,0
ISIC_0036040,test,1805,0,0
ISIC_0036041,test,1806,0,0
ISIC_0036047,test,1807,0,0
ISIC_0036052,test,1808,0,0
ISIC_0024332,test,1809,1,0
ISIC_0024360,test,1810,1,1
ISIC_0024443,test,1811,1,1
ISIC_0024595,test,1812,1,1
ISIC_0024632,test,1813,1,0
ISIC_0024666,test,1814,1,1
ISIC_0024848,test,1815,1,0
ISIC_0024931,test,1816,1,0
ISIC_0024949,test,1817,1,0
ISIC_0025019,test,1818,1,1
ISIC_0025102,test,1819,1,1
ISIC_0025322,test,1820,1,1
ISIC_0025600,test,1821,1,1
ISIC_0025691,test,1822,1,1
ISIC_0025793,test,1823,1,0
ISIC_0026117,test,1824,1,0
ISIC_0026213,test,1825,1,1
ISIC_0026321,test,1826,1,1
ISIC_0026439,test,1827,1,1
ISIC_0026574,test,1828,1,0
ISIC_0026593,test,1829,1,1
ISIC_0026668,test,1830,1,0
ISIC_0026766,test,1831,1,1
ISIC_0026952,test,1832,1,0
ISIC_0026970,test,1833,1,0
ISIC_0026995,test,1834,1,1
ISIC_0027337,test,1835,1,0
ISIC_0027365,test,1836,1,1
ISIC_0027525,test,1837,1,1
ISIC_0027526,test,1838,1,0
ISIC_0027546,test,1839,1,1
ISIC_0027601,test,1840,1,0
ISIC_0027609,test,1841,1,1
ISIC_0027846,test,1842,1,0
ISIC_0027851,test,1843,1,1
ISIC_0027858,test,1844,1,1
ISIC_0028084,test,1845,1,0
ISIC_0028106,test,1846,1,1
ISIC_0028147,test,1847,1,0
ISIC_0028197,test,1848,1,1
ISIC_0028283,test,1849,1,1
ISIC_0028316,test,1850,1,0
ISIC_0028495,test,1851,1,1
ISIC_0028687,test,1852,1,1
ISIC_0028688,test,1853,1,0
ISIC_0028747,test,1854,1,1
ISIC_0028890,test,1855,1,1
ISIC_0029053,test,1856,1,1
ISIC_0029082,test,1857,1,1
ISIC_0029123,test,1858,1,1
ISIC_0029193,test,1859,1,0
ISIC_0029331,test,1860,1,0
ISIC_0029337,test,1861,1,0
ISIC_0029342,test,1862,1,1
ISIC_0029352,test,1863,1,1
ISIC_0029391,test,1864,1,0
ISIC_0029501,test,1865,1,0
ISIC_0029546,test,1866,1,0
ISIC_0029602,test,1867,1,0
ISIC_0029655,test,1868,1,1
ISIC_0030094,test,1869,1,0
ISIC_0030177,test,1870,1,1
ISIC_0030230,test,1871,1,1
ISIC_0030233,test,1872,1,0
ISIC_0030335,test,1873,1,0
ISIC_0030644,test,1874,1,0
ISIC_0030687,test,1875,1,1
ISIC_0030712,test,1876,1,1
ISIC_0030737,test,1877,1,0
ISIC_0030746,test,1878,1,1
ISIC_0030755,test,1879,1,1
ISIC_0030800,test,1880,1,1
ISIC_0030954,test,1881,1,0
ISIC_0031007,test,1882,1,0
ISIC_0031041,test,1883,1,0
ISIC_0031057,test,1884,1,1
ISIC_0031062,test,1885,1,0
ISIC_0031122,test,1886,1,0
ISIC_0031169,test,1887,1,1
ISIC_0031245,test,1888,1,0
ISIC_0031258,test,1889,1,1
ISIC_0031294,test,1890,1,1
ISIC_0031384,test,1891,1,1
ISIC_0031513,test,1892,1,1
ISIC_0031527,test,1893,1,1
ISIC_0031721,test,1894,1,1
ISIC_0031728,test,1895,1,1
ISIC_0031943,test,1896,1,1
ISIC_0031976,test,1897,1,0
ISIC_0032030,test,1898,1,1
ISIC_0032061,test,1899,1,1
ISIC_0032246,test,1900,1,1
ISIC_0032314,test,1901,1,0
ISIC_0032384,test,1902,1,1
ISIC_0032414,test,1903,1,1
ISIC_0032439,test,1904,1,0
ISIC_0032482,test,1905,1,1
ISIC_0032696,test,1906,1,0
ISIC_0032857,test,1907,1,1
ISIC_0033054,test,1908,1,1
ISIC_0033366,test,1909,1,1
ISIC_0034066,test,1910,1,1
ISIC_0034344,test,1911,0,0
ISIC_0034404,test,1912,0,0
ISIC_0034406,test,1913,0,0
ISIC_0034478,test,1914,0,0
ISIC_0034554,test,1915,0,0
ISIC_0034565,test,1916,0,0
ISIC_0034699,test,1917,0,0
ISIC_0034891,test,1918,0,0
ISIC_0034899,test,1919,0,0
ISIC_0035072,test,1920,0,0
ISIC_0035106,test,1921,0,0
ISIC_0035112,test,1922,0,0
ISIC_0035254,test,1923,0,0
ISIC_0035262,test,1924,0,0
ISIC_0035291,test,1925,0,0
ISIC_0035305,test,1926,0,0
ISIC_0035355,test,1927,0,0
ISIC_0035357,test,1928,0,0
ISIC_0035450,test,1929,0,0
ISIC_0035658,test,1930,0,0
ISIC_0035933,test,1931,0,0
ISIC_0035942,test,1932,0,0
ISIC_0036016,test,1933,0,0
ISIC_0024450,test,1934,1,1
ISIC_0024575,test,1935,1,0
ISIC_0024579,test,1936,1,1
ISIC_0024654,test,1937,1,1
ISIC_0024707,test,1938,1,0
ISIC_0024913,test,1939,1,0
ISIC_0024923,test,1940,1,0
ISIC_0025264,test,1941,1,0
ISIC_0025319,test,1942,1,1
ISIC_0025368,test,1943,1,0
ISIC_0025539,test,1944,1,0
ISIC_0025637,test,1945,1,0
ISIC_0025712,test,1946,1,0
ISIC_0025790,test,1947,1,0
ISIC_0025803,test,1948,1,0
ISIC_0025948,test,1949,1,0
ISIC_0026083,test,1950,1,1
ISIC_0026194,test,1951,1,0
ISIC_0026411,test,1952,1,0
ISIC_0026466,test,1953,1,0
ISIC_0026492,test,1954,1,1
ISIC_0026575,test,1955,1,1
ISIC_0026857,test,1956,1,1
ISIC_0026927,test,1957,1,1
ISIC_0027172,test,1958,1,0
ISIC_0027231,test,1959,1,0
ISIC_0027254,test,1960,1,0
ISIC_0027294,test,1961,1,0
ISIC_0027334,test,1962,1,0
ISIC_0027447,test,1963,1,1
ISIC_0027529,test,1964,1,1
ISIC_0027588,test,1965,1,0
ISIC_0027795,test,1966,1,0
ISIC_0027802,test,1967,1,1
ISIC_0027930,test,1968,1,0
ISIC_0027958,test,1969,1,1
ISIC_0028224,test,1970,1,0
ISIC_0028232,test,1971,1,1
ISIC_0029002,test,1972,1,1
ISIC_0029041,test,1973,1,1
ISIC_0029059,test,1974,1,0
ISIC_0029268,test,1975,1,1
ISIC_0029309,test,1976,1,1
ISIC_0029360,test,1977,1,1
ISIC_0029362,test,1978,1,1
ISIC_0029460,test,1979,1,1
ISIC_0029541,test,1980,1,0
ISIC_0029549,test,1981,1,0
ISIC_0029915,test,1982,1,0
ISIC_0029932,test,1983,1,0
ISIC_0030341,test,1984,1,0
ISIC_0030387,test,1985,1,1
ISIC_0030487,test,1986,1,1
ISIC_0031040,test,1987,1,1
ISIC_0031506,test,1988,1,0
ISIC_0031672,test,1989,1,1
ISIC_0031743,test,1990,1,1
ISIC_0031922,test,1991,1,0
ISIC_0032173,test,1992,1,0
ISIC_0032329,test,1993,1,1
ISIC_0032349,test,1994,1,0
ISIC_0032437,test,1995,1,1
ISIC_0032455,test,1996,1,0
ISIC_0033295,test,1997,1,1
ISIC_0033536,test,1998,1,1
ISIC_0033869,test,1999,1,1
ISIC_0034332,test,2000,0,0
ISIC_0034422,test,2001,0,0
ISIC_0034579,test,2002,0,0
ISIC_0034870,test,2003,0,0
ISIC_0034961,test,2004,0,0
ISIC_0034982,test,2005,0,0
ISIC_0035330,test,2006,0,0
ISIC_0035368,test,2007,0,0
ISIC_0035421,test,2008,0,0
ISIC_0035608,test,2009,0,0
ISIC_0035630,test,2010,0,0
ISIC_0024336,test,2011,1,0
ISIC_0024358,test,2012,1,0
ISIC_0024435,test,2013,1,1
ISIC_0024453,test,2014,1,0
ISIC_0024547,test,2015,1,1
ISIC_0024602,test,2016,1,0
ISIC_0024726,test,2017,1,0
ISIC_0024770,test,2018,1,0
ISIC_0024832,test,2019,1,1
ISIC_0024890,test,2020,1,0
ISIC_0024943,test,2021,1,0
ISIC_0024970,test,2022,1,0
ISIC_0024971,test,2023,1,0
ISIC_0025005,test,2024,1,1
ISIC_0025066,test,2025,1,0
ISIC_0025076,test,2026,1,1
ISIC_0025086,test,2027,1,0
ISIC_0025140,test,2028,1,0
ISIC_0025222,test,2029,1,0
ISIC_0025312,test,2030,1,1
ISIC_0025337,test,2031,1,0
ISIC_0025454,test,2032,1,0
ISIC_0025529,test,2033,1,0
ISIC_0025554,test,2034,1,0
ISIC_0025659,test,2035,1,0
ISIC_0025693,test,2036,1,0
ISIC_0025699,test,2037,1,0
ISIC_0025753,test,2038,1,1
ISIC_0025777,test,2039,1,0
ISIC_0025879,test,2040,1,0
ISIC_0025915,test,2041,1,1
ISIC_0025928,test,2042,1,0
ISIC_0025937,test,2043,1,1
ISIC_0025984,test,2044,1,1
ISIC_0026046,test,2045,1,0
ISIC_0026070,test,2046,1,1
ISIC_0026104,test,2047,1,0
ISIC_0026107,test,2048,1,1
ISIC_0026245,test,2049,1,0
ISIC_0026263,test,2050,1,1
ISIC_0026276,test,2051,1,1
ISIC_0026351,test,2052,1,1
ISIC_0026409,test,2053,1,1
ISIC_0026422,test,2054,1,0
ISIC_0026441,test,2055,1,0
ISIC_0026444,test,2056,1,0
ISIC_0026524,test,2057,1,1
ISIC_0026539,test,2058,1,1
ISIC_0026576,test,2059,1,1
ISIC_0026661,test,2060,1,0
ISIC_0026663,test,2061,1,0
ISIC_0026675,test,2062,1,0
ISIC_0026775,test,2063,1,0
ISIC_0026783,test,2064,1,0
ISIC_0026835,test,2065,1,0
ISIC_0026843,test,2066,1,0
ISIC_0026867,test,2067,1,0
ISIC_0026893,test,2068,1,0
ISIC_0026895,test,2069,1,1
ISIC_0026912,test,2070,1,0
ISIC_0026959,test,2071,1,0
ISIC_0027025,test,2072,1,0
ISIC_0027041,test,2073,1,0
ISIC_0027042,test,2074,1,0
ISIC_0027142,test,2075,1,0
ISIC_0027151,test,2076,1,1
ISIC_0027194,test,2077,1,1
ISIC_0027279,test,2078,1,1
ISIC_0027320,test,2079,1,0
ISIC_0027370,test,2080,1,0
ISIC_0027454,test,2081,1,0
ISIC_0027455,test,2082,1,1
ISIC_0027584,test,2083,1,0
ISIC_0027760,test,2084,1,1
ISIC_0027771,test,2085,1,0
ISIC_0027796,test,2086,1,0
ISIC_0027801,test,2087,1,0
ISIC_0027960,test,2088,1,1
ISIC_0027982,test,2089,1,1
ISIC_0028020,test,2090,1,0
ISIC_0028376,test,2091,1,1
ISIC_0028411,test,2092,1,1
ISIC_0028490,test,2093,1,0
ISIC_0028497,test,2094,1,0
ISIC_0028525,test,2095,1,0
ISIC_0028607,test,2096,1,1
ISIC_0028623,test,2097,1,1
ISIC_0028646,test,2098,1,0
ISIC_0028656,test,2099,1,1
ISIC_0028707,test,2100,1,0
ISIC_0028774,test,2101,1,1
ISIC_0028792,test,2102,1,1
ISIC_0028826,test,2103,1,0
ISIC_0028876,test,2104,1,0
ISIC_0028881,test,2105,1,1
ISIC_0028995,test,2106,1,1
ISIC_0029003,test,2107,1,1
ISIC_0029014,test,2108,1,0
ISIC_0029032,test,2109,1,1
ISIC_0029040,test,2110,1,1
ISIC_0029061,test,2111,1,1
ISIC_0029113,test,2112,1,0
ISIC_0029147,test,2113,1,1
ISIC_0029161,test,2114,1,1
ISIC_0029202,test,2115,1,0
ISIC_0029206,test,2116,1,0
ISIC_0029270,test,2117,1,1
ISIC_0029288,test,2118,1,1
ISIC_0029301,test,2119,1,1
ISIC_0029311,test,2120,1,0
ISIC_0029427,test,2121,1,1
ISIC_0029518,test,2122,1,1
ISIC_0029522,test,2123,1,0
ISIC_0029525,test,2124,1,1
ISIC_0029527,test,2125,1,0
ISIC_0029580,test,2126,1,0
ISIC_0029596,test,2127,1,1
ISIC_0029613,test,2128,1,1
ISIC_0029617,test,2129,1,0
ISIC_0029683,test,2130,1,0
ISIC_0029687,test,2131,1,1
ISIC_0029731,test,2132,1,0
ISIC_0029778,test,2133,1,1
ISIC_0029880,test,2134,1,0
ISIC_0029927,test,2135,1,1
ISIC_0030056,test,2136,1,0
ISIC_0030095,test,2137,1,0
ISIC_0030123,test,2138,1,1
ISIC_0030173,test,2139,1,1
ISIC_0030189,test,2140,1,1
ISIC_0030208,test,2141,1,1
ISIC_0030227,test,2142,1,1
ISIC_0030272,test,2143,1,0
ISIC_0030310,test,2144,1,0
ISIC_0030316,test,2145,1,0
ISIC_0030323,test,2146,1,0
ISIC_0030369,test,2147,1,0
ISIC_0030372,test,2148,1,1
ISIC_0030383,test,2149,1,1
ISIC_0030561,test,2150,1,0
ISIC_0030605,test,2151,1,1
ISIC_0030700,test,2152,1,1
ISIC_0030705,test,2153,1,0
ISIC_0030744,test,2154,1,0
ISIC_0030835,test,2155,1,1
ISIC_0031017,test,2156,1,0
ISIC_0031024,test,2157,1,0
ISIC_0031061,test,2158,1,0
ISIC_0031138,test,2159,1,1
ISIC_0031159,test,2160,1,0
ISIC_0031212,test,2161,1,1
ISIC_0031277,test,2162,1,1
ISIC_0031345,test,2163,1,0
ISIC_0031394,test,2164,1,0
ISIC_0031459,test,2165,1,1
ISIC_0031465,test,2166,1,1
ISIC_0031468,test,2167,1,1
ISIC_0031495,test,2168,1,0
ISIC_0031496,test,2169,1,1
ISIC_0031511,test,2170,1,0
ISIC_0031522,test,2171,1,1
ISIC_0031542,test,2172,1,0
ISIC_0031686,test,2173,1,0
ISIC_0031702,test,2174,1,0
ISIC_0031753,test,2175,1,0
ISIC_0031761,test,2176,1,0
ISIC_0031819,test,2177,1,0
ISIC_0031888,test,2178,1,0
ISIC_0031967,test,2179,1,1
ISIC_0031980,test,2180,1,1
ISIC_0032006,test,2181,1,1
ISIC_0032024,test,2182,1,1
ISIC_0032040,test,2183,1,1
ISIC_0032051,test,2184,1,0
ISIC_0032103,test,2185,1,1
ISIC_0032111,test,2186,1,1
ISIC_0032280,test,2187,1,1
ISIC_0032373,test,2188,1,0
ISIC_0032460,test,2189,1,0
ISIC_0032498,test,2190,1,1
ISIC_0032553,test,2191,1,1
ISIC_0032576,test,2192,1,0
ISIC_0032618,test,2193,1,1
ISIC_0032643,test,2194,1,1
ISIC_0032654,test,2195,1,0
ISIC_0032675,test,2196,1,1
ISIC_0032732,test,2197,1,1
ISIC_0032877,test,2198,1,1
ISIC_0032883,test,2199,1,1
ISIC_0032949,test,2200,1,1
ISIC_0032997,test,2201,1,0
ISIC_0033056,test,2202,1,0
ISIC_0033060,test,2203,1,1
ISIC_0033079,test,2204,1,1
ISIC_0033130,test,2205,1,1
ISIC_0033169,test,2206,1,0
ISIC_0033212,test,2207,1,1
ISIC_0033246,test,2208,1,1
ISIC_0033252,test,2209,1,1
ISIC_0033264,test,2210,1,0
ISIC_0033280,test,2211,1,1
ISIC_0033284,test,2212,1,1
ISIC_0033449,test,2213,1,1
ISIC_0033460,test,2214,1,0
ISIC_0033465,test,2215,1,1
ISIC_0033480,test,2216,1,1
ISIC_0033482,test,2217,1,1
ISIC_0033509,test,2218,1,1
ISIC_0033529,test,2219,1,0
ISIC_0033581,test,2220,1,1
ISIC_0033613,test,2221,1,1
ISIC_0033631,test,2222,1,0
ISIC_0033642,test,2223,1,1
ISIC_0033646,test,2224,1,1
ISIC_0033693,test,2225,1,1
ISIC_0033701,test,2226,1,1
ISIC_0033776,test,2227,1,0
ISIC_0033778,test,2228,1,1
ISIC_0033784,test,2229,1,1
ISIC_0033899,test,2230,1,1
ISIC_0033952,test,2231,1,0
ISIC_0034126,test,2232,1,1
ISIC_0034201,test,2233,1,1
ISIC_0034280,test,2234,1,1
ISIC_0034366,test,2235,0,0
ISIC_0034368,test,2236,0,0
ISIC_0034390,test,2237,0,0
ISIC_0034451,test,2238,0,0
ISIC_0034453,test,2239,0,0
ISIC_0034485,test,2240,0,0
ISIC_0034490,test,2241,0,0
ISIC_0034505,test,2242,0,0
ISIC_0034539,test,2243,0,0
ISIC_0034546,test,2244,0,0
ISIC_0034561,test,2245,0,0
ISIC_0034571,test,2246,0,0
ISIC_0034574,test,2247,0,0
ISIC_0034615,test,2248,0,0
ISIC_0034675,test,2249,0,0
ISIC_0034724,test,2250,0,0
ISIC_0034825,test,2251,0,0
ISIC_0034842,test,2252,0,0
ISIC_0034993,test,2253,0,0
ISIC_0035037,test,2254,0,0
ISIC_0035039,test,2255,0,0
ISIC_0035075,test,2256,0,0
ISIC_0035104,test,2257,0,0
ISIC_0035115,test,2258,0,0
ISIC_0035142,test,2259,0,0
ISIC_0035163,test,2260,0,0
ISIC_0035258,test,2261,0,0
ISIC_0035261,test,2262,0,0
ISIC_0035284,test,2263,0,0
ISIC_0035464,test,2264,0,0
ISIC_0035619,test,2265,0,0
ISIC_0035634,test,2266,0,0
ISIC_0035664,test,2267,0,0
ISIC_0035701,test,2268,0,0
ISIC_0035735,test,2269,0,0
ISIC_0035739,test,2270,0,0
ISIC_0035754,test,2271,0,0
ISIC_0035768,test,2272,0,0
ISIC_0035810,test,2273,0,0
ISIC_0035818,test,2274,0,0
ISIC_0035937,test,2275,0,0
ISIC_0035949,test,2276,0,0
ISIC_0035993,test,2277,0,0
ISIC_0035996,test,2278,0,0
ISIC_0036023,test,2279,0,0
ISIC_0024553,test,2280,1,0
ISIC_0025154,test,2281,1,0
ISIC_0025504,test,2282,1,1
ISIC_0025622,test,2283,1,1
ISIC_0026789,test,2284,1,1
ISIC_0027216,test,2285,1,0
ISIC_0027598,test,2286,1,0
ISIC_0027613,test,2287,1,1
ISIC_0027876,test,2288,1,0
ISIC_0028346,test,2289,1,1
ISIC_0028880,test,2290,1,1
ISIC_0029130,test,2291,1,0
ISIC_0029177,test,2292,1,0
ISIC_0029967,test,2293,1,0
ISIC_0031271,test,2294,1,0
ISIC_0031358,test,2295,1,1
ISIC_0032613,test,2296,1,1
ISIC_0032642,test,2297,1,1
ISIC_0033695,test,2298,1,1
ISIC_0033790,test,2299,1,1
ISIC_0033891,test,2300,1,1
ISIC_0034642,test,2301,0,0
ISIC_0034766,test,2302,0,0
ISIC_0034876,test,2303,0,0
ISIC_0035239,test,2304,0,0
ISIC_0035360,test,2305,0,0
ISIC_0035440,test,2306,0,0
ISIC_0035685,test,2307,0,0
ISIC_0035729,test,2308,0,0
ISIC_0035759,test,2309,0,0
ISIC_0035844,test,2310,0,0
ISIC_0035982,test,2311,0,0
ISIC_0024402,test,2312,1,1
ISIC_0024669,test,2313,1,0
ISIC_0025452,test,2314,1,0
ISIC_0025612,test,2315,1,0
ISIC_0025680,test,2316,1,0
ISIC_0025707,test,2317,1,0
ISIC_0026068,test,2318,1,0
ISIC_0026092,test,2319,1,1
ISIC_0026163,test,2320,1,1
ISIC_0026336,test,2321,1,0
ISIC_0027522,test,2322,1,0
ISIC_0027563,test,2323,1,0
ISIC_0028163,test,2324,1,0
ISIC_0029608,test,2325,1,1
ISIC_0030275,test,2326,1,1
ISIC_0031065,test,2327,1,0
ISIC_0031648,test,2328,1,1
ISIC_0031901,test,2329,1,1
ISIC_0032076,test,2330,1,1
ISIC_0032692,test,2331,1,1
ISIC_0032745,test,2332,1,1
ISIC_0033092,test,2333,1,1
ISIC_0033123,test,2334,1,1
ISIC_0033158,test,2335,1,1
ISIC_0033458,test,2336,1,1
ISIC_0033844,test,2337,1,1
ISIC_0034555,test,2338,0,0
ISIC_0034805,test,2339,0,0
ISIC_0034814,test,2340,0,0
ISIC_0035194,test,2341,0,0
ISIC_0035206,test,2342,0,0
ISIC_0035226,test,2343,0,0
ISIC_0035247,test,2344,0,0
ISIC_0035475,test,2345,0,0
ISIC_0035603,test,2346,0,0
ISIC_0036000,test,2347,0,0
